Status,File,Node,Line ID,Hash,Text
,"scenes/demo_day0_test.yarn",,,,
,,"Morning",,,
,,,"#0edfcc","#d0edb2","Você está dormindo tranquilamente quando alguém entra pela porta."
,,,"#31b6da","#2c214e","CARU: BOM DIA, FLOR DO DIA! ACORDA QUE HOJE O DIA VAI SER CHEIO DE FOFOCA!"
,,,"#e70845","#688678","Você não tava entendendo nada. Enquanto esfregava os olhos, uma outra figura surgiu no seu quarto."
,,,"#907c3c","#79b5ad","CRAVO: Tá achando que aqui é a Disney, bb? Bora que a gente tem aula daqui a pouco."
,,,"#18bf66","#f3b6df","No desespero, você começa a se levantar apressadamente. Porém, uma outra figura aparece ocupando praticamente a porta inteira."
,,,"#3eae1c","#4998a4","LARANJEIRA: Gente do céu, hoje é DOMINGO. Vão dormir, por favor. Obrigado."
,,,"#fb43e2","#94e1b5","..."
,,,"#c18028","#fdd817","CRAVO: ..."
,,,"#9bd22d","#96dfd1","CARU: ..."
,,,"#923046","#2f1427","CRAVO: Vlw, flw."
,,,"#2a066c","#94e1b5","..."
,,,"#e0c462","#fb25d5","CARU: Foi mal, aí."
,,,"#771bbe","#94e1b5","..."
,,,"#8374b8","#f0787b","E foi por causa disso que você comprou um calendário do tamanho de um poster para colocar na parede do seu quarto."
,"scenes/demo_day1_boat.yarn",,,,
,,"Morning",,,
,,"Noon",,,
,,"Afternoon",,,
,,"Night",,,
,,"Departure",,,
,,,"#3b171d","#7a0e90","Você se senta em um dos bancos do barco, <aliviado> por ter chegado a tempo."
,,,"#660c22","#262cee","Você levanta a cabeça e vê que a poucos bancos de você está a menina que você acabou de esbarrar."
,,,"#6590d7","#92da59","Ela parece estar focada em desenhar no caderno dela."
,,,"#c0b584","#92da59","Ela parece estar focada em desenhar no caderno dela."
,,,"#75f9c1","#05831e","Apenas admirar o desenho que ela está fazendo."
,,,"#b73e27","#0690a6","(VOCÊ GANHOU UMA AÇÃO BÔNUS! [spr_action])[snd_click1]"
,,,"#04c8ae","#124ac5","Você não consegue desviar os olhos do desenho."
,,,"#2d8bcd","#4f2c2d","Ao ponto de que a menina te direciona um olhar rápido com a sobrancelha levantada."
,,,"#28b492","#7f0abe","Você desvia o olhar, sentindo o rosto esquentar por ter sido <pego>."
,,,"#f449a6","#d534b3","Oferecer o desenho de volta."
,,,"#d476f8","#b6ce10","Você se inclina na direção dela e limpa a garganta."
,,,"#51e819","#881696","PLAYER: Ahem, oi, licença?"
,,,"#ac8fad","#7da967","Ela levanta a cabeça, desconfiada."
,,,"#198d6f","#5e5c9d","HORTÊNSIA: O que foi?"
,,,"#9b5401","#28de2a","PLAYER: A gente se esbarrou agora a pouco."
,,,"#cb0348","#f2e437","PLAYER: E você deixou isso aqui cair."
,,,"#b9fa5d","#e60f3a","Você estende o desenho para ela."
,,,"#637b71","#4c79bc","A desconfiança dela se torna uma expressão de surpresa genuína."
,,,"#cb7d03","#f1ddb1","E logo se torna embaraço, ao perceber como ela te tratou instantes atrás."
,,,"#0fc4dc","#b13dca","HORTÊNSIA: Oh, muito obrigada... Eu nem tinha reparado que tinha caído."
,,,"#9c9b38","#513846","PLAYER: Nem deu tempo, né?"
,,,"#41ade5","#bfc439","PLAYER: Você deu sorte que eu vi e peguei... E que a gente acabou no mesmo barco."
,,,"#26c5a7","#b502c0","Ela finalmente pega o desenho de volta, colocando ele de volta dentro das folhas do caderno."
,,,"#22a0a9","#6d0517","HORTÊNSIA: Ou, eu vou lembrar disso, viu? A gente se vê por aí, <calouro>."
,,,"#76bdff","#7708aa","Ela se levanta para sair do barco."
,,,"#35cab4","#48e427","PLAYER: (Como ela sabe que eu sou <calouro>?)"
,,,"#b12abd","#fc724b","O barco logo apita, avisando que logo ele vai desatracar de novo."
,,,"#c6cb03","#b555b3","Você se apressa para sair do barco e se dirigir ao prédio de ciências."
,"scenes/demo_day1_bonus.yarn",,,,
,,"Morning",,,
,,"Noon",,,
,,"Afternoon",,,
,,"Night",,,
,,"ArtMeeting",,,
,,,"#39d85f","#c50a33","Você imaginou que a maioria dos alunos estariam espalhados pelo campus, mas tem váries delus pelo local."
,,,"#e1d7e1","#9ea7f8","A menina de hoje cedo parece estar frustrada enquanto apagava furiosamente algo em uma folha."
,,,"#346eae","#7fd9a8","PLAYER: Se você continuar assim vai acabar rasgando o papel."
,,,"#e8379e","#2f79b0","HORTÊNSIA: Ugh! Ele merece ser rasgado!"
,,,"#8e92a2","#6ce089","PLAYER: Nossa, o que o papel fez pra você?"
,,,"#1c8337","#5fb44f","HORTÊNSIA: Esse não fez nada, mas essa é a minha vingança por todos os cortes que os irmãos, pais e primos fizeram nos meus dedos nos últimos 20 anos."
,,,"#dd408f","#5a497d","PLAYER: Mas cabe ao filho pagar pelos pecados do pai?"
,,,"#6b7604","#eaa11b","HORTÊNSIA: Ok, o papo acabou de chegar em um nível de religiosidade em que eu já não compactuo mais."
,,,"#36dd3d","#adacab","PLAYER: Haha, mas sério, o que tá te causando tanta frustração?"
,,,"#1f1102","#a22520","HORTÊNSIA: Eu só não consigo reproduzir a vibe do pátio, sabe?"
,,,"#b0e494","#4d5558","PLAYER: É isso que você estava desenhando."
,,,"#ee28db","#55c43d","HORTÊNSIA: Aham..."
,,,"#ffe866","#ca2303","PLAYER: Você gosta tanto assim do campus?"
,,,"#c2cf91","#1dd83c","HORTÊNSIA: Eu gosto da minha bolsa, isso sim."
,,,"#238447","#ad19db","PLAYER: Então, você ganha uma bolsa para desenhar o campus?"
,,,"#dc99bf","#799237","HORTÊNSIA: Hum, mais ou menos."
,,,"#12476a","#c9da30","Ela não parece interessada em te explicar mais do que isso."
,,,"#371c91","#679140","PLAYER: Você não é novata então, eu imagino."
,,,"#fe42b6","#7935a3","HORTÊNSIA: Há, longe disso, estou aqui a tempo o bastante pra conhecer todo esse lugar como a palma da minha mão!"
,,,"#287eb7","#e730e4","PLAYER: Você teve tempo pra conhecer lugares fora do campus?"
,,,"#9fcb1c","#b80a47","HORTÊNSIA: Claro! Você acha que todo mundo é careta de só ficar estudando o dia inteiro?"
,,,"#060b9e","#1b454a","HORTÊNSIA: Pra se divertir de verdade você tem que explorar a cidade toda."
,,,"#c0fe7f","#cafccf","PLAYER: Tem alguma recomendação de lugar que eu deveria ir?"
,,,"#6bef93","#3d40da","HORTÊNSIA: Hm? Bom, depende do que você curte, eu gosto muito de Ao Livro Verde."
,,,"#cc5561","#5c3cee","PLAYER: É uma livraria?"
,,,"#c48645","#56ff0d","HORTÊNSIA: (Ela confirma com a cabeça). E também uma cafeteria, um ótimo lugar para tomar café da manhã quando você tem tempo."
,,,"#23222f","#bc2c0c","PLAYER: Mas e as aulas de manhã?"
,,,"#b27783","#1c5127","HORTÊNSIA: Ah, é verdade, calouros não escolhem o próprio horário."
,,,"#66763c","#658405","HORTÊNSIA: Fica de dica pra você, daqui pra frente, não precisa pegar matéria no primeiro horário, é só tortura."
,,,"#1a2054","#d109e8","PLAYER: Deixarei anotado pra não esquecer semestre que vem."
,,,"#460c4d","#c53d23","PLAYER: Mas se bem que se todos os primeiros horários forem que nem o Mamba, eu estou <tranquilo>."
,,,"#764055","#0149c6","HORTÊNSIA: Ah, o Mamba. Saquei."
,,,"#1cbd0f","#d9e6a4","PLAYER: Você já teve aula com ele?"
,,,"#6ccb26","#014dd9","HORTÊNSIA: Não exatamente; Mas eu tenho um amigo que não é capaz de calar a boca sobre ele."
,,,"#6f88f9","#3b80dc","O celular dela toca, ela pega ele rapidamente, lendo as mensagens e logo te direcionando um pequeno sorriso e se levantando."
,,,"#43d054","#9648e6","HORTÊNSIA: Putz, preciso ir, foi bom papear contigo, <calouro>."
,,,"#c468bb","#b50aaf","PLAYER: Ei, será que você pode parar de me chamar de-"
,,,"#414960","#f01ff4","PLAYER: <Calouro>?"
,,"IntrospectionI",,,
,,,"#79ab07","#f60f3f","Você pega o barco para ir até o lago."
,,,"#e5e2c5","#081245","Tem alguns grupos espalhados por aí, mas ninguém que você conheça está por perto."
,,,"#a25da4","#1fb49b","Depois da correria que foi esse começo do dia você aproveita esse momento pra descansar um pouco."
,,,"#4b8fb5","#811e4e","Você se senta em um dos bancos e fica encarando a água."
,,,"#1c902f","#b4fab1","PLAYER: Pelo visto, comecei uma nova jornada nessa minha minha vida."
,,,"#2ff262","#7a518b","PLAYER: Quem eu devo me tornar nesse novo momento da minha vida?"
,,,"#1ec9b1","#7a518b","PLAYER: Quem eu devo me tornar nesse novo momento da minha vida?"
,,,"#09dca6","#46dde7","Eu quero ser melhor do que eu era antes."
,,,"#61ed31","#080d0b","PLAYER: Essa é a minha chance de provar que eu consigo fazer as coisas."
,,,"#1fcaa7","#04aefa","PLAYER: Não vou decepcionar ninguém."
,,,"#cdb215","#616809","PLAYER: Sem mais atrasos, PLAYER, você agora é uma nova pessoa."
,,,"#c488b1","#c9aa94","Eu quero poder me divertir com essas pessoas que eu estou conhecendo."
,,,"#35aa23","#f6a100","PLAYER: Não estar limitado às mesmas pessoas que eu conheço desde que eu era criança é um alívio."
,,,"#092765","#431a39","PLAYER: Eu finalmente posso explorar quem eu realmente sou."
,,,"#86f4ec","#16cc87","PLAYER: E conhecer pessoas bem diferentes do que eu já conhecia."
,,,"#2c771d","#54114a","Eu só quero uma vida tranquila..."
,,,"#7a433f","#e1b57d","PLAYER: O Ensino Médio não foi fácil."
,,,"#0b3de1","#a163d6","PLAYER: Mas eu me dava muito bem em Biologia..."
,,,"#6052bc","#a421c4","PLAYER: Espero que continue assim..."
,,,"#aa3e5e","#6133f0","Você chega ao seu destino."
,,,"#fd9abd","#4a5214","O lago parece estranhamente solitário hoje."
,,,"#48fe05","#7537b2","PLAYER: Por que eu entrei aqui mesmo...?"
,,,"#a54fdf","#f9a105","PLAYER: (suspira) Acho que não há nada para fazer aqui..."
,,"CitrusMeeting",,,
,,,"#bf3ad6","#9ed514","Ao chegar à recepção do dormitório, você se depara com um senhor com laranjas presas na barba."
,,,"#0d9ba6","#b65c6d","LARANJEIRA: Opa. Seja bem vindo de volta ao dormitório, meu jovem!"
,,,"#7789ff","#6e05ad","PLAYER: Quem é você, Senhor...?"
,,,"#d21156","#ee1fb6","LARANJEIRA: Me chamo Laranjeira, meu jovem."
,,,"#2628f7","#08fe9d","PLAYER: Sou PLAYER."
,,,"#f39079","#0b97b1","PLAYER: Sem querer parecer <intrometido>, mas é uma baita coincidência que o seu nome é o mesmo do dormitório."
,,,"#28d33b","#49e612","LARANJEIRA: Haha! Isso não é uma coincidência, meu jovem! Eu sou supervisor desse dormitório desde que ele foi construído."
,,,"#1653ed","#ca8137","PLAYER: Mas isso não faz, tipo, muito tempo?"
,,,"#d9105a","#4a18a1","PLAYER: (Meu deus eu chamei ele de velho)."
,,,"#35fa1d","#2d3e37","LARANJEIRA: HAHA! Fazem só 25 anos!"
,,,"#bdd7c2","#e8d73f","PLAYER: Isso significa que o senhor conheceu todas as plantas mais famosas, não é?"
,,,"#c3249a","#1c0a4a","PLAYER: Até o Tony Ramos que se formou há uns anos atrás?"
,,,"#fadbea","#eea58b","LARANJEIRA: Cada um deles! Eu tenho uma coleção de fotos com os alunos que se tornaram famosos da faculdade."
,,,"#8746bb","#139026","LARANJEIRA: Eu posso te mostrar a coleção um dia se você quiser!"
,,,"#249ff0","#5e0300","PLAYER: Eu adoraria!"
,,,"#f7ee64","#c11c85","LARANJEIRA: Gostei do seu entusiasmo, jovem!"
,,,"#abd656","#b9a0ef","Você ia pedir para ver agora mesmo, como todo bom jovem imediatista, mas é interrompido por outros alunos chegando no dormitório."
,,,"#96b188","#0ad253","Ele cumprimenta todos os alunos, alguns param pra conversar com ele."
,,,"#62ff3d","#460102","Você provavelmente não vai conseguir mais da atenção dele por agora."
,,,"#74fee6","#ada022","PLAYER: Até mais, Sr. Laranjeira, vejo você por aí."
,,,"#afa188","#27843e","Você acena pra ele enquanto sai da entrada do dormitório."
,,"FragranceOnTheMist",,,
,,,"#a85ccf","#4d4bcd","Enquanto você anda pelo pátio, você percebe o quão bem ilumindo ele é."
,,,"#49d07c","#fcb042","Você percebe que não está <sozinho> em sua caminhada noturna..."
,,,"#8312b3","#a06740","É o Caru!"
,,,"#690ddb","#1bad2e","Ele está sentado em um dos bancos, com um cigarro nos lábios."
,,,"#f0d260","#e7a316","CARU: Oh! PLAYER!"
,,,"#935344","#7e42e1","PLAYER: Ah, eu pensei que você já estava no dormitório."
,,,"#8a7be3","#509a55","CARU: Nah, eu preciso relaxar depois da aula..."
,,,"#581cfc","#5299f7","CARU: E eu precisava de um pouco de privacidade."
,,,"#3b860e","#fff603","Ele movimenta a mão de forma a dar destaque ao cigarro."
,,,"#1d7a2d","#c7ced7","PLAYER: Eu nem sabia que você fumava!"
,,,"#068905","#bd3456","CARU: Hm, eu não tendo a divulgar muito, tem gente que não curte muito."
,,,"#52bda2","#0b92ab","PLAYER: Hm, bom..."
,,,"#b00757","#124a7f","Eu não ligo, pode fumar à vontade."
,,,"#03dd9a","#786172","CARU:  Opa, eu tenho um baseado sobrando aqui se você quiser."
,,,"#4867df","#e855cf","PLAYER: Uh-"
,,,"#68eca0","#a4d3f9","CARU: É brincadeira besta, cê sabe haha."
,,,"#a6e4ba","#276556","CARU: Já tô meio alterado."
,,,"#f18004","#41c7d7","Eu entendo alguém ficar incomodado."
,,,"#1e8c1f","#af29a7","CARU: É por isso que eu me afasto quando vou fumar."
,,,"#fb5ac7","#7a6267","PLAYER: Isso é bom mesmo."
,,,"#bd2994","#112a51","CARU: Não se preocupe, eu não vou levar nada pro quarto."
,,,"#27e2c4","#cfd488","PLAYER: Eu sei! Eu confio em você, poxa!"
,,,"#b56d8d","#533f8d","CARU: Haha, só pra reforçar."
,,,"#7d9bf9","#ffe1a2","CARU: É uma forma de eu relaxar um pouco, sabe?"
,,,"#daec3b","#d7275e","PLAYER: O semestre mal começou, você já está precisando relaxar?"
,,,"#08baa1","#39c9d8","CARU: Ora, é justamente porque o semestre começou que eu preciso relaxar."
,,,"#a264ef","#5b3486","PLAYER: E eu achando que você estava gostando de dividir quarto comigo."
,,,"#62e497","#34a0f2","CARU: Ei, não, a culpa não é sua!"
,,,"#291952","#4885f5","CARU: Você é <x> <primeiro> <companheiro> de quarto que eu tenho que é realmente legal."
,,,"#50341c","#742d09","PLAYER: Hum, sei. E a menina do semestre passado?"
,,,"#1e80d0","#0e2cd2","CARU: Eu juro pra você, eu nunca tive tão pouco sono quanto o último semestre."
,,,"#8fda7f","#a62f73","CARU: Ela chegava no meio da noite, ligava a luz do banheiro e o abajur e ficava acordada até as 5 da manhã."
,,,"#2f2a30","#d21ead","PLAYER: Isso soa como um inferno."
,,,"#1368c7","#98eec3","PLAYER: Eu já tenho problema com dormir em horários decentes."
,,,"#d78b3d","#e15874","PLAYER: Imagina se eu seguisse o exemplo dela."
,,,"#f09f09","#ed9a17","CARU: Nós dois demos sorte de termos um ao outro esse ano."
,,,"#e21894","#94be68","Ele te direciona uma piscadela, vocês riem juntos."
,,,"#1853d3","#e9d2cc","PLAYER: Bom, vou deixar você curtir seu baseado em paz."
,,,"#93f540","#d7cb4c","PLAYER: A gente se vê daqui a pouco?"
,,,"#8e116f","#49f99a","CARU: Claro, assim que eu acabar aqui eu volto pro quarto!"
,,,"#90365a","#07330e","É possível observar a fumaça formando quase que uma névoa em direção ao luar."
,,,"#5712aa","#594f92","Você se direciona de volta ao dormitório."
,,"SocialAnxiety",,,
,,,"#8bd98d","#67fb33","O pátio realmente parece ser o lugar ideal para descansar um pouco antes de começar a fazer a atividade do Mamba."
,,,"#4c5114","#0c0551","Você respira fundo e olha em volta."
,,,"#a75bf8","#948973","Você reconhece uma figura conhecida ali por perto."
,,,"#140247","#cea6a3","Ipê está sentade sozinhe debaixo de uma árvore."
,,,"#8b571d","#81e17e","Você percebe que elu está guardando um pote em uma lancheira térmica."
,,,"#f84bf4","#c1f354","Aparentemente elu preferiu comer do lado de fora, em meio a natureza."
,,,"#942cf5","#f379ed","PLAYER: Ei, Ipê!"
,,,"#c011b1","#774877","IPÊ: Ah!"
,,,"#ff739b","#bef098","IPÊ: Eu não te vi chegando!"
,,,"#2ce7e6","#e20008","PLAYER: Ooops... Desculpe, não quis te assustar."
,,,"#6335b1","#ff230e","Enquanto você responde, você se senta do lado delu."
,,,"#14a8ae","#212dbd","PLAYER: Mas achei curioso você estar comendo aqui fora."
,,,"#a58d71","#b17867","IPÊ: Ah... Os espaços comuns estão todos cheio de gente..."
,,,"#c90fa3","#994a7a","IPÊ: Eu prefiro comer sozinhe..."
,,,"#e14bed","#994a7a","IPÊ: Eu prefiro comer sozinhe..."
,,,"#8947f5","#9a0b40","Pra mim isso parece meio solitário..."
,,,"#ba7963","#8c6418","IPÊ: Estar só não é necessariamente ruim..."
,,,"#ab5328","#b5b6a9","PLAYER: Ah, não foi isso que eu quis dizer!"
,,,"#d2032a","#9ea473","PLAYER: Eu digo, você não precisa estar sempre sozinhe, sabe?"
,,,"#5cd40e","#3e7b7b","IPÊ: Hum. Eu... Eu não ligo tanto pra isso."
,,,"#87b74a","#712d31","IPÊ: Mas estando bem acompanhade, realmente é bom."
,,,"#f0f950","#74422a","Depois de ver o RU, eu entendo."
,,,"#b42c17","#684bbd","IPÊ: Lá é um tanto quanto caótico, não é?"
,,,"#8e9858","#0c3997","PLAYER: Demais! Tipo, eu gosto de ter um momento pra falar com meus amigos."
,,,"#bceb9a","#ef2132","PLAYER: Mas é tanto barulho e tanta gente."
,,,"#f0c5aa","#fd94bf","IPÊ: Bom, você está <convidado> para vir passar seus almoços comigo se você quiser..."
,,,"#a1f251","#212743","PLAYER: Obrigado!"
,,,"#d24845","#607330","PLAYER: De qualquer forma, fico feliz de ter te encontrado."
,,,"#9c52a0","#302d32","IPÊ: Ah é? Por que?"
,,,"#56f7fb","#e8c00c","PLAYER: Ah, nada em específico, eu to feliz de poder continuar conhecendo as pessoas sabe."
,,,"#d12c10","#91ab72","PLAYER: Você foi tipo, ê segunde plantae com quem eu falei direito por aqui."
,,,"#008358","#660bf0","PLAYER: Foi marcante!"
,,,"#ca30fa","#f25e65","IPÊ: Hm, isso não é algo que eu ouço muito..."
,,,"#2690a5","#672909","PLAYER: É que você fica sentade sozinhe debaixo de árvores."
,,,"#37fce8","#a4b419","PLAYER: A gente fica sem graça de interromper."
,,,"#3c4cc2","#b36be0","IPÊ: E você interrompeu mesmo assim?"
,,,"#e5b532","#9e1f85","PLAYER: Bom, acima de tudo eu sou <corajoso>."
,,,"#e653b5","#af83b2","IPÊ: Haha... You're funny."
,,,"#180733","#ce0b79","PLAYER: Heh, eu tento."
,,,"#8b89ff","#3a34d8","PLAYER: Mas e aí, você ouviu que vai ter a calourada depois de amanhã?"
,,,"#c0c839","#59612d","IPÊ: Oh, eu ouvi sim."
,,,"#063893","#4b36f0","IPÊ: Confesso que não estou tão animade para ir..."
,,,"#42e884","#dc807e","PLAYER: Mas você não tem muito pra onde escapar, né?\nMorando no campus e tudo o mais?"
,,,"#f92c97","#9d8a5b","IPÊ: Não tem muito como escapar do barulho..."
,,,"#25b530","#2f2569","IPÊ: Mas eu não sei se eu vou não..."
,,,"#ece52e","#cc94b4","PLAYER: Ah, eu acho que vale a pena ir na do semestre que você é caloure, pra falar que foi."
,,,"#123879","#f1fb6c","IPÊ: Hum... Por que você acha?"
,,,"#aad5b6","#951c67","PLAYER: A gente só vive uma vez!"
,,,"#b21df4","#028796","IPÊ: Bom, eu... Eu vou pensar..."
,,,"#0e28bc","#9d3c5c","PLAYER: Só de você estar considerando já me é uma vitória...!"
,,,"#fcd326","#896492","PLAYER: Eu estarei ao seu lado."
,,,"#566e82","#35a2b1","Vocês continuam a conversar um pouco mais e quando vocês percebem, já está ficando mais tarde."
,,,"#9be968","#16dae4","Vocês precisam aproveitar enquanto o Sol ainda está no céu pra fazer o trabalho do Mamba."
,,,"#9a8167","#46bd2d","PLAYER: A gente deveria ir atrás de fazer o trabalho!"
,,,"#59620a","#5baeac","IPÊ: Ah, eu preciso antes pegar meu material no prédio de Ciências..."
,,,"#89d8bd","#903f93","IPÊ: Eu vou dar uma passada lá e você pode ir indo pro lago!"
,,,"#2b1eb3","#138c9b","PLAYER: A gente se vê lá!"
,,,"#70c182","#20794b","Ipê sai apressade, atrás das suas coisas."
,,,"#0dde8a","#1fb948","Você começa a se movimentar também."
,,"EventManagement",,,
,,,"#862077","#d871b4","Você resolve que o melhor lugar pra descansar seria o gazebo."
,,,"#d10332","#ca7a49","As vezes que você passou por perto do local te chamaram a atenção."
,,,"#2312b7","#62082b","Os bancos parecem confortáveis e a luz parecia estar o suficientemente pra te dar um pouco de energia mas sem machucar seus olhos."
,,,"#8298b3","#569fff","O local não deve estar muito cheio nesse horário, pelo menos é o que você espera."
,,,"#7cea05","#02d4f3","Ao entrar no gazebo, você se surpreende ao ver uma outra pessoa."
,,,"#d8a9bc","#01e0cc","Rosa não parece perceber que você entrou no gazebo."
,,,"#79cf1f","#aa3fa1","Ela parece um tanto quanto concentrada no computador apoiado no colo dela, digitando furiosamente."
,,,"#500b48","#a18a78","Você se aproxima, cutucando o ombro dela, fazendo ela levar um susto."
,,,"#9ce28a","#a9b247","ROSA: Puta que me-!!"
,,,"#ead421","#2b0498","Ela se interrompe e se recompõe em segundos, mas você ainda consegue ver um leve rubor nas bochechas dela."
,,,"#962169","#dac03d","ROSA: Oh, PLAYER! Ainda bem que é você."
,,,"#e57d19","#cfb164","ROSA: Imagina se fosse um professor que me desse um susto desses!"
,,,"#6f69f8","#5fb745","PLAYER: Eles provavelmente se surpreenderiam com a sua escolha de palavras, haha!"
,,,"#e3f10a","#36c0c4","ROSA: Existe algum motivo específico pra você estar me procurando?"
,,,"#886900","#cc3048","PLAYER: Na verdade não... Eu vim descansar por aqui e vi você."
,,,"#50f569","#c0a424","PLAYER: Pensei que você tinha uma reunião agora, tá tudo certo?"
,,,"#7a2cc3","#ef5eaa","ROSA: Ah sim, o cliente cancelou a  reunião de última hora."
,,,"#c52cc5","#c730e3","PLAYER: Putz, que droga, espero que isso não te cause nenhum tipo de prejuízo."
,,,"#2ad758","#e1612f","PLAYER: Confesso que não faço ideia de como isso de empresa júnior funciona."
,,,"#0e58a2","#1793c7","ROSA: Er... A gente não tem prejuízo nenhum, fora o nosso tempo..."
,,,"#48bbca","#e22bd1","ROSA: Não estou nem tão frustrada de a reunião ter sido cancelada."
,,,"#5bedfc","#c3a2ab","ROSA: Isso me dá tempo de voltar a focar na organização da calourada."
,,,"#72072d","#79b29b","PLAYER: Você está realmente atarefada com isso, hein?"
,,,"#cbce5b","#484bca","ROSA: O preço a se pagar por um evento que seja massa."
,,,"#62eade","#46e259","ROSA: Você é <novo> aqui então não tá tão <ligado>."
,,,"#33e24d","#873e82","ROSA: mas nos anos anteriores os eventos costumavam ser muito ruins."
,,,"#a9b855","#694553","ROSA: Do ano passado pra cá que os alunos começaram a tomar mais a frente, principalmente com a reitoria meio que deixando os eventos não oficiais mega de lado."
,,,"#04dc6d","#064994","PLAYER: Então foi de uma reitoria que fazia eventos ruins pra uma que não faz?"
,,,"#99f2b7","#8da1ac","ROSA: Mais, a reitoria antiga fazia eventos merdas e a nova só joga tudo nas mãos para os alunos fazerem."
,,,"#a5a979","#b16dd9","PLAYER: E com alunos, você quer dizer você?"
,,,"#13d5c1","#ae88a8","ROSA: Teoricamente era pra ser várias pessoas, mas ninguém se prontificou a realizar os eventos."
,,,"#68cf35","#ff08ee","ROSA: Então acabou ficando comigo."
,,,"#63ae53","#ff08ee","ROSA: Então acabou ficando comigo."
,,,"#4dbc36","#78248f","Já pensou em fazer menos coisas?"
,,,"#fd308a","#f5730a","PLAYER: Você vai acabar se esgotando com muita facilidade se continuar assim."
,,,"#adae3d","#c21691","ROSA: Não acha que está assumindo coisas sobre mim?"
,,,"#67a5ce","#7b37d4","ROSA: A gente ainda não se conhece tanto pra você tirar essas conclusões."
,,,"#7e2b2d","#e262d4","Muito massa que você consegue fazer tudo isso!"
,,,"#183c5a","#eaab12","PLAYER: Eu com certeza me perderia muito se fosse organizar alguma coisa."
,,,"#f86619","#44a783","ROSA: Haha, valeu."
,,,"#70db34","#cbc56b","ROSA: E quem sabe eu não convenço você a tentar uma palhinha em algum dos eventos?"
,,,"#3b5d7d","#a926eb","ROSA: De qualquer forma, eu encontrei uma forma de me organizar para que as coisas funcionem."
,,,"#a49d9c","#6a728f","ROSA: E todos os eventos até agora foram um sucesso."
,,,"#256b40","#4447a1","ROSA: Logo... Tá tudo certo!"
,,,"#8d4cde","#caebe5","Antes que você pudesse responder, uma notificação ecoa do computador da Rosa."
,,,"#10b86a","#f30b90","ROSA: Ugh, foi mal, mas vou ter que cortar a conversa por aqui. Aparentemente prenderam alguém dentro da sala da monitoria."
,,,"#ebeb2c","#a2ab93","Ela fecha o laptop, guardando ele na mochila."
,,,"#e2091b","#560232","PLAYER: Eu me sinto honrado de você ter tido tempo pra falar comigo pelo menos um pouco."
,,,"#2ee41c","#fbbe83","ROSA: Bom te ver, PLAYER!"
,,,"#f8c5cc","#84f18b","Ela sai apressada."
,,,"#4a1eec","#d50d4d","Você fica mais um tempo admirando a paisagem do gazebo antes de se dar conta de que o horário que você combinou de se encontrar com Ipê está chegando."
,,"ThornyRelationship",,,
,,,"#7cc207","#83a30b","O gazebo é definitivamente um lugar lindo durante a noite."
,,,"#03e52d","#8ae1d9","Você esperava finalmente ter a chance de aproveitar o local sem mais ninguém por perto."
,,,"#8fa5f8","#a3f516","Mas à medida que você se aproxima, você consegue visualizar duas figuras."
,,,"#daf406","#f478e0","???: Eu só realmente acho que fica difícil confiar em você com essas coisas!"
,,,"#899c45","#30e211","???: A gente já não aproveitou as férias por que você ficou trabalhando."
,,,"#605fb4","#7a4c6a","???: E desde que a gente voltou não teve um encontro que a gente marcou que você chegou na hora!"
,,,"#cff61c","#46dc6b","Uma voz masculina, claramente alterada está falando alto o suficiente pra você ouvir mesmo estando do lado de fora do gazebo."
,,,"#edd405","#6f220a","Ela é bastante familiar para você..."
,,,"#f39b19","#76e156","???: Se for pra ser assim eu realmente preferiria só não ter vindo."
,,,"#c81300","#73f7b4","???: Você sabe que eu odeio brigar!"
,,,"#204d54","#868e33","???: Eu não vou ficar aqui ouvindo isso!"
,,,"#45b16d","#e9dc26","A voz feminina exclama do gazebo e você percebe que ela está vindo na sua direção, para a entrada."
,,,"#3b2e51","#c3c4b2","O que você faz?"
,,,"#2dae56","#c3c4b2","O que você faz?"
,,,"#29e295","#d60334","Eu quero dar uma espiada pra tentar entender o que está acontecendo."
,,,"#92e34a","#326b13","PLAYER: (Agora que eu já estou aqui, se eu tentar escapar, vai ficar ainda mais feio.)"
,,,"#9969f7","#da9446","PLAYER: (E nunca se sabe quando esse tipo de situação pode se agravar né?)"
,,,"#009757","#5b24b7","Você espera até a garota se afastar. Até que você não consiga ver mais do que a silhueta dela."
,,,"#78c607","#295907","Você entra no gazebo e não é uma surpresa quando um dos lados da discussão..."
,,,"#0c182f","#3f9efe","Era o Cravo. Ele está sentado em um dos bancos, com a cabeça apoiada nas mãos."
,,,"#25640a","#bbc56c","PLAYER: Ei... Tá tudo certo?"
,,,"#bdd3a4","#db88c0","Um sentimento de vergonha alheia te percorre momentaneamente enquanto ele levanta a cabeça, surpreso."
,,,"#207b39","#c1a70b","PLAYER: Quer dizer, eu sei que não está, mas você está bem?"
,,,"#9e56f0","#80350a","CRAVO: PLAYER... Não esperava você por aqui."
,,,"#e4c7dc","#f08038","PLAYER: Eu também não... Não esperava estar aqui, no caso."
,,,"#bc6a80","#94a7f0","PLAYER: Mas parece que você precisa de um ombro amigo."
,,,"#5b3d93","#589042","CRAVO: Eu não quero falar sobre o que aconteceu."
,,,"#f02e86","#43c6a3","PLAYER: Ei, a oferta foi de um ombro amigo, não de um ouvido amigo."
,,,"#b125a6","#26fe02","Você se senta do lado dele."
,,,"#eb4617","#81cb14","CRAVO: Hm, acho que vou aceitar essa oferta."
,,,"#c04db7","#e8196e","Ele apoia a cabeça em seu ombro."
,,,"#26b0ca","#85a052","Vocês ficam em silêncio por alguns bons minutos até que o Cravo se recupere."
,,,"#91cdc7","#d6d539","CRAVO: Valeu."
,,,"#bb7e68","#ea4fb2","PLAYER: Não foi nada."
,,,"#15dd04","#f31f1b","CRAVO: Agora eu vou ter que arrumar as coisas por aqui..."
,,,"#0553f9","#cc0906","PLAYER: Quer ajuda?"
,,,"#ae2422","#9f9ab7","CRAVO: Nah, você já ajudou o bastante, tá ficando tarde e você tem que voltar pro dormitório antes que dê seu horário."
,,,"#fc635d","#f39841","CRAVO: A gente se vê amanhã, pode ser?"
,,,"#08b0e6","#b3245c","Você concorda, saindo de dentro do gazebo."
,,,"#8426e3","#9a28f3","É melhor não me meter nesse tipo de briga de casal."
,,,"#af570f","#225da8","PLAYER: (Eu já ouvi mais do que eu queria, é melhor eu só dar o fora mesmo.)"
,,,"#2c7d9e","#b12406","Você se vira para ir embora, querendo ao máximo evitar a pessoa que parecia que ia sair."
,,,"#cb96bf","#301076","Porém, antes que você conseguisse escapar do local, alguém esbarra em você."
,,,"#032bd6","#a12d1b","A pessoa que saiu do gazebo definitivamente estava correndo."
,,,"#3f62db","#683125","E é a Rosa..."
,,,"#99d226","#91f128","Você consegue ver no rosto dela um misto de vergonha e raiva."
,,,"#b83148","#68c85a","PLAYER: E-eu... Desculpa, eu juro que não pretendia ter visto nada."
,,,"#703d3b","#b48c97","Ela pondera suas palavras por alguns instantes."
,,,"#5f489f","#9197ee","ROSA: Então não vai contar sobre isso pra ninguém?"
,,,"#6cb8c9","#d4b588","PLAYER: Claro que não."
,,,"#14e63c","#15a9c9","Ela te encara, severa, provavelmente julgando a veracidade das suas palavras."
,,,"#dab626","#c0575e","Ela faz um leve aceno com a cabeça, logo continuando o caminho."
,,,"#6e2244","#247caf","Quem diria que passear a noite te colocaria nessa situação..."
,,,"#2ed747","#4b0cde","Melhor voltar pro dormitório e dormir."
,"scenes/demo_day1_central.yarn",,,,
,,"Morning",,,
,,"Noon",,,
,,"Afternoon",,,
,,"Night",,,
,,"RoseIntro",,,
,,,"#c842b4","#4cdb07","Você aproveita a liberação antecipada da aula para visitar o Restaurante Universitário enquanto não está lotado."
,,,"#709082","#b4d0dc","Logo a frente está o prédio central do campus. Você entra em direção ao RU."
,,,"#9c6718","#94e1b5","..."
,,,"#4b68ad","#94e1b5","..."
,,,"#b756e0","#eb63b4","Quando você chega na fila, você vê uma figura familiar."
,,,"#95ec88","#bf2b97","PLAYER: Ei, Cravo, veio comer no RU também?"
,,,"#3384af","#9390fb","CRAVO: <Novato>! Se arriscando no RU na primeira semana? Coragem!"
,,,"#0829ab","#c61855","PLAYER: Preciso saber se vou ter que viver de brotinho instantâneo do dormitório ou não, haha."
,,,"#48d4d1","#b36f98","CRAVO: O RU da dez a zero em comida pré pronta, nem que você venha só pra se atualizar das fofocas da faculdade!"
,,,"#ffc787","#34d12f","Vocês continuam a conversar durante todo o caminho da fila."
,,,"#d13af7","#6e4222","O Cravo fala bastante sobre a faculdade."
,,,"#6b9fff","#1a490e","E te atualiza dos grandes acontecimentos do semestre anterior."
,,,"#61961a","#ca9880","CRAVO: ... E é por isso que eles não permitem mais as festas das atléticas no campus, a gente tem que ficar procurando outros locais."
,,,"#496b90","#64f42f","CRAVO: A Rosa enlouquece com isso, porque todos os locais públicos tem a questão de segurança, sabe?"
,,,"#c7cc86","#4c5d6a","PLAYER: Quem é Rosa mesmo?"
,,,"#8f9108","#fc2860","ROSA: Ouvi o meu nome?"
,,,"#a5fec9","#ca3cda","Uma menina alta, de pele verde clara e cabelos curtos cor-de-rosa vestindo um top e uma jaqueta se aproxima com um sorriso."
,,,"#c33881","#1feb40","CRAVO: Falando no diabo... Digo, no meu anjo."
,,,"#b564a1","#f38e61","CRAVO: PLAYER, essa é a minha namorada, Rosa."
,,,"#cd91bc","#a9dff6","PLAYER: Então você é a famosa namorada! Muito prazer!"
,,,"#a17925","#442ca3","ROSA: E você seria?"
,,,"#3df9d3","#2ccd6d","PLAYER: Ah, meu nome é PLAYER, sou <calouro>."
,,,"#4e53cf","#6f577f","ROSA: O Mamba já liberou vocês?"
,,,"#47e3fc","#750405","PLAYER: Pois é, ele nos liberou mais cedo. E eu não podia perder a chance de conseguir dicas de alguém que conhece tão bem o professor."
,,,"#e3e555","#015264","ROSA: Não que você vai conseguir muito com ele..."
,,,"#7ffd55","#b744b3","CRAVO: Ei! Não espalhe calúnias <pro> <calouro>!"
,,,"#fd008c","#9df2fb","ROSA: Eu, por outro lado, posso te dar dicas efetivas de como passar na matéria dele."
,,,"#698bd0","#e9fa7d","CRAVO: Ah, isso de novo não!"
,,,"#d36e53","#a24f86","ROSA: Eu sei, eu sei. Para esse relacionamento dar certo, temos que evitar falar daquele que não deve ser citado."
,,,"#a0a0ac","#88efd7","ROSA: Mas você fica tão fofo bravinho, eu não consigo resistir."
,,,"#f982ca","#7566de","Ela abraça o pescoço dele com um dos braços, com um sorriso largo."
,,,"#9819af","#87ef11","Eles parecem confortáveis tocando um ao outro."
,,,"#e85375","#684352","Você não consegue evitar ficar olhando."
,,,"#3f74b4","#4b3c3c","Mesmo que nenhum de vocês pareça desconfortável."
,,,"#b3eaeb","#568c37","Vocês continuam andando pela fila até entrar no restaurante, passando pelo self service."
,,,"#7fa8db","#2718f0","Vocês se sentam nas longas mesas do refeitório, os dois lado a lado e você de frente pros dois."
,,,"#0b28d1","#41f9d1","ROSA: Do que vocês estavam falando antes? Quando eu ouvi meu nome?"
,,,"#9bf92a","#069939","CRAVO: Eu estava falando <pro> PLAYER do semestre passado, quando o pessoal da atlética de Bio resolveu trazer aquela máquina de fumaça."
,,,"#f5fd9b","#7e0f66","ROSA: (suspiro) Nossa, mano... Aquilo arruinou todos meus planejamentos pra festa da Arquitetura!"
,,,"#e515bf","#3fb754","ROSA: Eu tinha tudo pronto e esses idiotas simplesmente arruinaram tudo."
,,,"#749476","#2e9740","CRAVO: Hey, eu nem estava envolvido!"
,,,"#df5a3d","#8c41ab","ROSA: E tem um motivo pra eu não ter ninguém da biologia na organização da Calourada."
,,,"#fc067b","#d35846","O que você acha dessa decisão?"
,,,"#da362e","#d35846","O que você acha dessa decisão?"
,,,"#c9a331","#50dbde","Isso não é um tipo de discriminação?"
,,,"#6330ed","#2b6626","CRAVO: Foi o que eu disse!"
,,,"#5e0ac5","#a3e55b","ROSA: Discriminação é uma palavra forte..."
,,,"#1a1e86","#db6d70","Eu não tenho nem como defender meu curso."
,,,"#7db6d3","#8f4022","CRAVO: Ei!"
,,,"#8ce76d","#dbb5e3","ROSA: Viu, até <x> <calouro> <preferido> concorda comigo."
,,,"#da3f81","#785b25","CRAVO: Oxe... Mas <ele> é <x> <único> <calouro> que eu conversei direito até agora!"
,,,"#c4c086","#56f917","ROSA: Nem foi uma decisão totalmente minha, foi da reitoria."
,,,"#7b4093","#99bb91","ROSA: A gente conseguiu fazer com que a calourada fosse no pátio, desde que ninguém envolvido com o incidente do semestre passado fizesse parte do comitê."
,,,"#ee6f9e","#2d5b4c","PLAYER: E quando que vai ser a Calourada?"
,,,"#d63c69","#40041b","ROSA: Depois de amanhã, durante toda a tarde!"
,,,"#32bcbf","#37aadb","ROSA: Você tem que vir!"
,,,"#a93ea6","#31f1ba","CRAVO: Sim! O semestre não começa de verdade até a calourada, é o melhor momento pra conhecer pessoas novas!"
,,,"#7f5a62","#75c83a","CRAVO: E pra encontrar o amor da sua vida..."
,,,"#6bda47","#279236","ROSA: A gente tá de prova."
,,,"#d1b2e6","#979967","Eles se olham com um olhar apaixonado."
,,,"#1e79ae","#979967","Eles se olham com um olhar apaixonado."
,,,"#e7f373","#de1c6c","Eles são realmente um casal bonito."
,,,"#aadbd2","#6bda75","Eles são divertidos e é agradável estar com eles."
,,,"#0019a9","#47dddf","Você não consegue nem ficar <incomodado>."
,,,"#caa9bf","#aad867","Você tem um pequeno desejo de ser a Rosa nessa situação."
,,,"#12ff4f","#c70bea","Ela tem sorte de ter alguém legal como o Cravo como namorado."
,,,"#8468f9","#a83f20","Você tem um pequeno desejo de ser o Cravo nessa situação."
,,,"#58f159","#b63b89","Ele tem sorte de ter uma namorada competente como a Rosa."
,,,"#16ba73","#3f341f","ROSA: Mas eaí, PLAYER."
,,,"#f6c7c2","#928c44","ROSA: Você vai pra Calourada, né?"
,,,"#fdf2bb","#928c44","ROSA: Você vai pra Calourada, né?"
,,,"#b064dd","#f9fdf5","Acho que tenho que ir, né?"
,,,"#44315a","#24ed7a","CRAVO: Com certeza!"
,,,"#d15802","#67d8b5","Eu não perderia isso por nada."
,,,"#ba4a6d","#af3606","ROSA: Ótimo!"
,,,"#8dea2a","#368781","O celular de Rosa toca um alarme."
,,,"#be1d40","#2f4b26","ROSA: Putz! Preciso ir. Reunião da Empresa Júnior."
,,,"#acea54","#b6ac37","CRAVO: Eu não sei como você aguenta fazer esse tanto de coisa..."
,,,"#96b951","#72e152","ROSA: Beijo, mô."
,,,"#116e00","#eac667","Eles trocam um selinho rápido."
,,,"#34bc5b","#01a57b","ROSA: Foi um prazer te conhecer, PLAYER."
,,,"#70efef","#187ce9","Rosa se levanta e sai apressada."
,,,"#a85ded","#e3ae87","Você e Cravo conversam mais um pouco, mas logo vocês também tem que ir embora para dar espaço pra outros alunos almoçarem."
,"scenes/demo_day1_dormitory.yarn",,,,
,,"Morning",,,
,,"Noon",,,
,,"Afternoon",,,
,,"Night",,,
,,"CaruIntro",,,
,,,"#a0e53f","#219ae2","???: Ei."
,,,"#fe304f","#2e428c","???: Eii!"
,,,"#f16d80","#65dd94","???: Acorda!"
,,,"#ba234a","#cd3f5f","PLAYER: Ugh..."
,,,"#5a9632","#51164b","???: Hora de levantar, <dorminhoco>!"
,,,"#145dae","#9cb76b","???: É um novo dia cheio de aventura e... Ah, pera lá, acho que você está <atrasado>!"
,,,"#d97cec","#423128","Você geme e esfrega os olhos, tentando entender a situação."
,,,"#961863","#010ab3","Talvez seu despertador não tocou...?"
,,,"#ce42e2","#c62f1b","Quem lhe acorda é seu colega de quarto, Mandacaru.\nMas todos o chamam de Caru, seu apelido."
,,,"#06d03e","#e65cde","PLAYER: Que horas são?"
,,,"#56a124","#a63be9","CARU: Vou te falar, você dormiu demais, PLAYER."
,,,"#b2f2be","#ae9640","CARU: O sol já está alto no céu, os pássaros estão zombando de você."
,,,"#b7f2b5","#b47e2d","CARU: E eu fui o enviado do universo pra te dar uma bronca sobre pontualidade."
,,,"#47bb20","#9bdf61","PLAYER: Pera, que?? O que isso significa?"
,,,"#224a6d","#142ea1","Você se apressa com a escolha de roupa, e de forma atrapalhada, tenta se vestir em tempo recorde."
,,,"#f2bdb2","#0f44e0","PLAYER: Tsk. <Obrigado> pelo alerta, mestre dos magos. Eu só perguntei o horário!"
,,,"#f49f67","#7626d3","CARU: Estou exagerando, foi mal. São só 6h40... Seu despertador não tocou ainda."
,,,"#537e9f","#1a6a36","PLAYER: Ah! Seu sacana."
,,,"#1164d7","#dcca81","Você estava realmente ficando <desesperado>. Caru e sua zoeira sem limites..."
,,,"#d85b3c","#1e8e99","CARU: A vida é uma corrida e você já começou o dia correndo! Vai me agradecer mais tarde, heh."
,,,"#599f31","#95d83a","CARU: Mas agora, falo sério. O primeiro dia não é um daqueles que você vai querer atrasar."
,,,"#b16336","#318056","CARU: Quão mais cedo você sair, melhor!"
,,,"#eb765d","#81b385","CARU: Alguns dos professores da Lótus podem ser uns carrascos."
,,,"#0801c0","#c115fe","PLAYER: Eu bem que tô questionando o sadismo de quem decidiu marcar aula pras 7h30 da manhã..."
,,,"#40b930","#8a5ede","Apesar do aviso do Caru, até você encontrar todos os materiais para as aulas, já havia passado uns 20 minutos."
,,,"#3c926a","#3c0ee7","Parte de você amaldiçoa o seu eu da noite anterior que falou que com certeza ia dar tempo de se organizar de manhã."
,,,"#73cb8a","#40ad6c","Estando <pronto> para sair, você se direciona para o andar de baixo do dormitório."
,,"LateArrival",,,
,,,"#80470a","#94e1b5","..."
,,,"#9bc864","#94e1b5","..."
,,,"#d815d3","#f07de7","A regra diz que não se pode correr nos corredores..."
,,,"#508baa","#1a79ef","Então você aperta o passo e acaba esbarrando em alguém com força, quase te derrubando."
,,,"#a9b4b7","#6a233e","PLAYER: Opa-"
,,,"#0c26e5","#78f6c9","Ela parece estar com pressa, quase correndo até o final do corredor."
,,,"#08d36f","#83e0fe","PLAYER: ... Ei!"
,,,"#8f8f9a","#33e68c","Você até se questiona por um instante se você não estaria <atrasado>."
,,,"#215731","#d9f779","Na correria ela nem percebeu que deixou cair um papel."
,,,"#356335","#66eed1","Você se abaixa e pega o papel."
,,,"#6505fd","#aa32e7","É um desenho muito bonito e detalhado da faceta do prédio principal da universidade. "
,,,"#1edeec","#caea16","Foi feito à lápis, então você toma cuidado para segurar sem borrar."
,,,"#39fdf0","#e7267c","No canto da página tem a assinatura dela ''Hortênsia''."
,,,"#6e8d82","#6258b2","PLAYER: (Hortênsia... Acho que vou ter que te devolver o desenho...) "
,,,"#fa1ee8","#9500dc","Você guarda o desenho com cuidado em uma das pastas na sua mochila."
,,,"#c35020","#119b39","Você ouve um barulho que parece ser o barco chegando e se apressa para descer as escadas."
,,,"#7af0ae","#94e1b5","..."
,,,"#1b8118","#94e1b5","..."
,,,"#2c89f6","#c6d3cf","Por um momento você acha que vai perder o barco, mas você consegue entrar nele bem a tempo."
,,"GoodNight",,,
,,,"#39106c","#2adbe5","Você chega no seu quarto e olha em volta."
,,,"#f2baf7","#181031","Parece que Caru ainda não voltou..."
,,,"#3dfffa","#18ffd6","O dia foi tão cheio que você mal tem tempo de trocar de roupa antes de se jogar na cama."
,,,"#9d031b","#b8a852","O que você achou do seu primeiro dia?"
,,,"#4acc19","#b8a852","O que você achou do seu primeiro dia?"
,,,"#14cc77","#b88da4","Foi bastante cansativo."
,,,"#8eba23","#93ce7a","PLAYER: Muito cheio e cansativo, mas faculdade é isso, né?"
,,,"#743dcc","#d5ed1b","PLAYER: Eu me pergunto o que mais vai acontecer..."
,,,"#24edb5","#31bdb7","Pude conhecer muitas pessoas novas!"
,,,"#010658","#60c84a","PLAYER: Eu sempre soube que faculdades eram cheias."
,,,"#d361e0","#98ac1a","PLAYER: Mas não imaginei que seria assim..."
,,,"#f3e01d","#431397","Mal posso esperar pra ver o que vai ser daqui pra frente."
,"scenes/demo_day1_sciences.yarn",,,,
,,"Morning",,,
,,"Noon",,,
,,"Afternoon",,,
,,"Night",,,
,,"IpeIntro",,,
,,,"#f4d709","#9317df","Você chega no prédio de aulas sem mais problemas."
,,,"#01abe4","#0ae368","Agora você tem um novo desafio - Encontrar a sala de aula de Ecologia."
,,,"#e92a93","#be6090","PLAYER: (Ainda bem que anotei, eu sou profissional em esquecer essas coisas.)"
,,,"#da58f5","#b64d3c","Você anda um pouco pelos corredores até chegar na frente da sala."
,,,"#f1ce0f","#c21607","Logo ali em frente parece ter uma pessoa perdida..."
,,,"#732a9c","#d8ec74","Elu não parece perceber que você se aproxima."
,,,"#0be79d","#b716d5","???: Hã... Qual será...?"
,,,"#5f0316","#9f62c5","PLAYER: Precisa de ajuda?"
,,,"#acc227","#8ad36a","???: [shake]Ah!![/]"
,,,"#c102eb","#1d9974","PLAYER: Desculpa! Eu não queria te assustar!"
,,,"#70a261","#db90c1","???: Ah...! Eu estou bem. Não se preocupe..."
,,,"#54bca3","#645d91","???: Só não esperava alguém falar comigo."
,,,"#e52624","#9b2622","PLAYER: Hum? Ok. Er... Então. Por acaso você tá procurando sua sala?"
,,,"#ba29bf","#5df05d","???: Sim... Mas esse lugar é... gigante..."
,,,"#7a74e1","#8b4255","PLAYER: Né, também estou um pouco <perdido>."
,,,"#91232a","#391129","PLAYER: A propósito, eu me chamo PLAYER. E você, quem é?"
,,,"#1d502a","#6df540","IPÊ: Ah... Eu me chamo Ipê. P...prazer te conhecer!"
,,,"#9e9022","#8aaa60","PLAYER: E que sala você tá procurando?"
,,,"#2851de","#e0c830","IPÊ: Introdução à Ecologia..."
,,,"#ffcb3d","#dc2511","PLAYER: Você deu sorte, ela é bem ali!"
,,,"#223848","#2caacd","PLAYER: Qual seu curso mesmo?"
,,,"#85fbf8","#48c8f5","IPÊ: Err, eu estou fazendo Botânica..."
,,,"#174bf0","#ef4817","PLAYER: Hum, bacana! Eu sou da Biologia."
,,,"#e51982","#6e34eb","Vocês andam juntes até a sala, entrando nela."
,,"CarnaIntro",,,
,,,"#6d40ef","#94e1b5","..."
,,,"#7f3b9f","#94e1b5","..."
,,,"#7a34b2","#6595a8","Você mal tem tempo o suficiente para sentar antes que o professor começasse a falar."
,,,"#e56064","#086913","Você olha em volta, tentando identificar onde Ipê se sentou, vendo elu algumas cadeiras atrás de você."
,,,"#3b3dfd","#d42f25","Elu ainda parece nervose, você tenta direcionar um sorriso pra acalmá-le, mas elu está encarando a própria mesa."
,,,"#db87a7","#26c6cc","???: Agora que estamos todos aqui. Bom dia, estudantes."
,,,"#fedc14","#65c258","???: Eu sou o professor Samambaia."
,,,"#c337ac","#0f9f77","???: Mas pode chamar ele de Mamba!"
,,,"#d7795f","#f29682","O garoto sentado do seu lado fala alto o bastante para toda a sala ouvir."
,,,"#92b6d9","#107e03","MAMBA: Obrigado, Cravo. Mas é [slant]Professor Mamba[/slant]."
,,,"#a113d3","#013afb","MAMBA: Eu vou ser o professor de Introdução à Ecologia de vocês."
,,,"#e5be47","#969c83","MAMBA: A minha matéria vai ser fundamental para vocês nos próximos semestres."
,,,"#1c237a","#149fb3","O Professor Mamba continua a explicação sobre como a matéria dele vai funcionar."
,,,"#d9c348","#ffa5be","Do seu lado, Cravo estava ignorando completamente o que o professor dizia."
,,,"#fbeb77","#afd5da","E um olhar rápido pra trás, você vê Ipê anotando cada palavra que o professor falava."
,,,"#fc2a33","#9d52aa","Enquanto escreve, você pode ouvir alguns murmúrios."
,,,"#fae869","#743bf2","CRAVO: ''E vocês serão atribuídos uma dupla que já foi escolhida previamente''."
,,,"#bbffaf","#4f5f9e","MAMBA: E vocês serão atribuídos uma dupla que já foi escolhida previamente."
,,,"#5b33b9","#fef75a","CRAVO: ... ''A lista de presença'' ... ''devem ter desistências até o final''..."
,,,"#1b545f","#772954","MAMBA: E vou usar a lista de presença como referência, mas devem ter desistências até o final."
,,,"#789047","#202552","CRAVO: ... ''levantem a mão''..."
,,,"#135330","#0d0fb2","MAMBA: Quando eu chamar seu nome e o de sua dupla, levantem a mão."
,,,"#a7f848","#a91c85","Você se inclina para sussurrar para o Cravo sem atrapalhar a aula."
,,,"#52fe5a","#ecf253","PLAYER: (Como que você sabia exatamente o que ele ia falar?)"
,,,"#0289cb","#1f7689","CRAVO: Ele falou exatamente a mesma coisa nos últimos dois semestres."
,,,"#2377b5","#674b7b","PLAYER: E como você sabe disso?"
,,,"#a1618d","#668a29","CRAVO: É a terceira vez que eu estou pegando essa matéria..."
,,,"#e25963","#4d4c12","PLAYER: Ahh... Essa matéria é tão pesada assim?"
,,,"#cc1c8f","#6adae8","CRAVO: É a pior de todas, o Mamba é um dos maiores carrascos do departamento."
,,,"#b039c9","#a35433","Você volta a olhar pro professor, tentando tirar suas próprias conclusões."
,,,"#c99b2e","#a35433","Você volta a olhar pro professor, tentando tirar suas próprias conclusões."
,,,"#0c9af3","#db60f2","Para mim ele só parece um velhinho indefeso."
,,,"#39a376","#68f293","PLAYER: Ele me parece só um pouco rabugento."
,,,"#776ff0","#9abb89","CRAVO: Bom, isso eu até entendo. Se eu fosse brega assim eu também seria infeliz."
,,,"#6d3a22","#e5a113","PLAYER: Uau, você realmente não gosta do velho."
,,,"#872832","#c99d33","PLAYER: Chega a ser um nível de ódio que realmente só alguém que passou por duas reprovações entenderia."
,,,"#57e1ad","#a7ece1","CRAVO: Vamos ver como você vai estar no final do semestre."
,,,"#0f2d8b","#02cbcb","PLAYER: Ei, dizem que a terceira vez dá sorte."
,,,"#7d7b82","#7cfa4b","Acho que concordo com você."
,,,"#8d2812","#0690a6","(VOCÊ GANHOU UMA AÇÃO BÔNUS! [spr_action])[snd_click1]"
,,,"#d69a2d","#c4253a","PLAYER: Ele tem cara de quem vai infernizar a minha vida."
,,,"#868f64","#484886","CRAVO: Ele não tem a menor sensibilidade, mesmo que a maioria da turma seja caloura."
,,,"#f2590a","#b38ece","PLAYER: Aposto que é por causa de pessoas como ele que tem gente que odeia Biologia."
,,,"#fea686","#46b336","CRAVO: Err, Ecologia não é lá a matéria mais legal."
,,,"#8bd16f","#a61ca0","Você tá brincando! É uma das matérias que eu mais estava <ansioso> pra ter."
,,,"#130cc1","#b98405","CRAVO: Entomologia é muito mais massa, espera seu próximo semestre."
,,,"#daff2f","#d728eb","MAMBA: PLAYER e Ipê!"
,,,"#fc6dd7","#666d30","Você leva um susto quando a voz do Professor Mamba ecoa pela sala."
,,,"#617639","#c7ab3a","Imediatamente você levanta a mão."
,,,"#824c59","#13b14c","MAMBA: Vocês vão ficar com o tema de ''Animais do mundo Plantae''."
,,,"#a69dbf","#fad783","CRAVO: Você pegou o melhor tema!"
,,,"#7dc2e5","#0b9a3a","CRAVO: Faz eu desejar que a gente tivesse sido uma dupla."
,,,"#cd0c97","#a7aea7","Você sorri de leve pro Cravo antes de ir atrás de Ipê."
,,,"#247a53","#6bba38","Você se vira na direção de Ipê, se sentindo <aliviado> por pelo menos ser alguém que você já conhece minimamente."
,,,"#17f36e","#db2ef5","Você acena na direção delu e elu acena de volta, parecendo nervose."
,,,"#c37350","#53c34e","Professor Mamba termina de anunciar as duplas."
,,,"#532271","#7d3353","MAMBA: Por hoje vai ser isso!"
,,,"#38f76d","#b9ec6a","PLAYER: (Todo esse meu pânico da manhã pra menos de uma hora de aula...)"
,,,"#aa68ea","#06e192","Cravo já estava com tudo guardado, pronto pra sair."
,,,"#db1e3b","#c6521f","PLAYER: Eita! Peraí, como você guardou seu material tão rápido?"
,,,"#6f8c0b","#3c8033","CRAVO: Material? Que material?"
,,,"#8ba265","#987a89","PLAYER: Ha-ha! Não vai nem se encontrar com sua dupla?"
,,,"#5e14cc","#d3ee25","CRAVO: Nem... Ele aparentemente não veio hoje..."
,,,"#9c2235","#b7c347","CRAVO: É o segundo semestre que minha dupla não aparece..."
,,,"#928e21","#192695","CRAVO: O velho tá totalmente me marcando..."
,,,"#ad5d08","#21b3cc","PLAYER: Não é pra tanto, vai."
,,,"#af96fa","#3694e3","PLAYER: Você tem pelo menos alguma dica pra calouro de primeira viagem?"
,,,"#31e349","#b06ca8","CRAVO: Não deixe acumular e reza pra sua dupla aparecer."
,,,"#43ed86","#02893a","CRAVO: Agora, se você me der licença, eu tenho que ir reclamar dessa aula pra outra pessoa."
,,,"#9e8c3e","#c6249e","PLAYER: Ah, é? E quem terá o prazer de te ouvir pela terceira vez?"
,,,"#f43258","#41c8dc","CRAVO: Minha incrível namorada."
,,,"#0182ad","#384e60","CRAVO: Ela até fez a matéria semestre passado pra ver o quão ruim realmente era."
,,,"#d56f7c","#678402","PLAYER: E pra ela não estar aqui esse semestre... Ela desistiu ou passou?"
,,,"#1fe470","#eed733","CRAVO: Ela passou..."
,,,"#7165bc","#aeffd6","CRAVO: Não que ela me deixe esquecer que ela passou."
,,,"#0d39ce","#9a5708","PLAYER: Ah, poxa."
,,,"#1ba55b","#1f0096","CRAVO: Bem, agora eu realmente estou indo. Até mais, PLAYER!"
,,,"#37407a","#2ed76f","PLAYER: A gente se vê por aí."
,,,"#3541f1","#37942c","Cravo vai embora de vez e você se levanta pra ir atrás de Ipê."
,,,"#3d4920","#03d9fd","Apenas para encontrá-le bem do lado da sua cadeira."
,,,"#46c28e","#22ad84","IPÊ: Perdão... E-eu não queria interromper.."
,,,"#efa7de","#98c514","Relaxa! Eu só tava tentando conseguir algumas dicas."
,,,"#328664","#e58446","PLAYER: Ele já fez essa matéria outras vezes."
,,,"#a88a41","#c96f13","IPÊ: Oh... Descobriu algo útil?"
,,,"#0ca0b6","#099e15","PLAYER: Nada demais, não procrastinar e tals..."
,,,"#d624ae","#d824ee","PLAYER: Ter uma dupla que ajude..."
,,,"#cea110","#d14c2b","IPÊ: ..."
,,,"#0e14fb","#6402b5","PLAYER: Vamos fazer nosso melhor, certo?"
,,,"#37234f","#1792c1","Elu concorda com a cabeça, parecendo hesitante."
,,,"#789b5e","#fb3dbd","Você se despede ao sair da sala."
,"scenes/main_day0_test.yarn",,,,
,,"Morning",,,
,,,"#610621","#9b0733","(Texto de exemplo para escolher diálogos)\n(Texto de exemplo para confirmar)"
,,,"#1f1acc","#69893d","Dia 0 - Local de Teste"
,,,"#c6d8fd","#a2f798","???: Saudações, <aventureiro>."
,,,"#e324cd","#150104","???: Tudo na paz?"
,,,"#d34bfa","#64d97f","???: Pera, você ainda tá dormindo?"
,,,"#7fd5e4","#a7ce97","???: ..."
,,,"#7cd864","#4457a4","???: [wave]É hora de brilhar![/]"
,,,"#ce807b","#cd3f5f","PLAYER: Ugh..."
,,,"#d7b82c","#7d0a63","Você acorda no meio de um sonho bizarro sobre cogumelos falantes."
,,,"#6e4123","#998e5d","Parece que seu despertador não tocou..."
,,,"#3009e7","#b628ae","Seu colega de quarto, Maple, te acorda."
,,,"#79ceda","#a6df4b","MAPLE: Uau, finalmente! Como você dorme tanto?!"
,,,"#c31ed1","#79f12a","MAPLE: Não que eu seja exemplo..."
,,,"#966273","#aa6931","MAPLE: Afinal, você não deveria estar na aula? Já são 8:40..."
,,,"#d82166","#b9f17e","PLAYER: Ahh...! Maple... Estou <atrasado>!"
,,,"#38e002","#874a6f","MAPLE: Bem, é seu primeiro dia. Ouch."
,,,"#32479d","#4f2c1f","MAPLE: Não quero ser o diabinho no seu ombro, mas..."
,,,"#08cb14","#c871e8","MAPLE: Você	bem que podia matar essa aula."
,,,"#4acc9c","#3c805d","MAPLE: E ao invés disso, vamos comer umas plantas e vegetais. Nham."
,,,"#0ce9bb","#16e844","Na maior pressa, você se prepara para sair."
,,,"#3c677a","#708d4b","Você sente uma tontura súbita."
,,,"#12b01e","#cc5b54","Você não faz ideia de onde está, nem quem diabos é Maple..."
,,,"#2a38ed","#83aa75","Acho que, ao invés de questionar o absurdo de tudo isso, você apenas aceita..."
,"scenes/main_day1_boat.yarn",,,,
,,"Morning",,,
,,"Noon",,,
,,"Afternoon",,,
,,"Night",,,
,,"Departure",,,
,,,"#8e8e71","#d15942","Você se senta em um dos bancos do barco e finalmente pode pensar um pouco."
,,,"#b95050","#3bd702","Sua mente volta para o sonho que você teve antes de Caru te acordar."
,,,"#93e669","#b34020","PLAYER: (Eu... venho tendo esses sonhos desde que cheguei aqui.)"
,,,"#40d502","#dec223","PLAYER: (Sinto como se eles estivessem tentando me dizer alguma coisa.)"
,,,"#eb5c58","#dec223","PLAYER: (Sinto como se eles estivessem tentando me dizer alguma coisa.)"
,,,"#923d13","#84df5f","... (Me sinto <ansioso> em relação ao futuro.)"
,,,"#0c09f9","#dd1835","... (Não sei bem como me sinto sobre o futuro.)"
,,,"#718328","#dd5020","... (Estou <animado> com o futuro.)"
,,,"#946fec","#a982ad","PLAYER: (Pra falar a verdade, eu não sei porque vim pra cá.)"
,,,"#c55ee5","#dfb5b0","PLAYER: (Hum, ok. Na verdade eu sei.)"
,,,"#fb09c6","#e0b07d","PLAYER: (Eu estava <perdido>. Sem propósito. Sem vontade de aceitar que preciso escolher algo.)"
,,,"#097d77","#a1f860","PLAYER: (A vida adulta mal começou, e já me sinto tão <cansado>.)"
,,,"#7c3069","#f3d6c3","PLAYER: (Mas fugir do meu cotidiano era tudo que eu queria.)"
,,,"#bb0a3e","#89dd1a","PLAYER: (Apostar em algo novo, diferente.)"
,,,"#c7f467","#833ee8","PLAYER: (É isso que dizem que a universidade significa pra alguns, né.)"
,,,"#b65c62","#1ab64d","PLAYER: (Redescoberta...)"
,,,"#b0b658","#10b209","PLAYER: (Estou aqui pra isso. Ou pelo menos, pra tentar.)"
,,,"#e1df51","#d5f238","PLAYER: (Não que a escola tenha sido ruim pra mim, mas não foi nada demais também, sabe?)"
,,,"#0d0623","#f3c2f0","PLAYER: (...)"
,,,"#7dfa0a","#bcd696","PLAYER: (Okay, isso foi bastante emoção pra não ser nem 7:10 da manhã.)"
,,,"#6fb559","#ac3018","PLAYER: (Essa jornada mal começou, vamos tentar pensar positivo!)"
,,"Arrival",,,
,,,"#7a8242","#a15c7c","PLAYER: (O primeiro dia foi tranquilo no fim das contas, haha..)"
,,,"#3e00b9","#9a2e44","PLAYER: (Achei que seria mais difícil graças ao papo do Caru hoje de manhã.)"
,,,"#e6fad3","#9971fd","O seu celular vibra insistentemente no seu bolso e você coloca ele no silencioso, querendo apreciar o pequeno momento que você tem agora."
,,,"#a67dbc","#32f37b","... Um sentimento de culpa te consome um pouco..."
,,,"#343ce5","#12056c","PLAYER: (Está tudo bem. Eu não preciso responder agora.)"
,,,"#bdae94","#09f6d5","PLAYER: (Eu ainda estou em período de adaptação, né?)"
,,,"#b187d2","#504bbd","PLAYER: (E não é como se eu pudesse contar a verdade pra eles sempre...)"
,,,"#b9cd51","#9603c0","PLAYER: (Eles não entendem que eu preciso ter esses enfrentamentos...)"
,,,"#5c3260","#6da20e","PLAYER: (Com certeza vão me implorar pra voltar pra casa na primeira oportunidade que virem.)"
,,,"#787203","#3c1fca","PLAYER: (E eu não posso dar essa abertura...)"
,,,"#1e1f56","#2b54cd","PLAYER: (As coisas acabaram de começar.)"
,,,"#bc5d49","#2b54cd","PLAYER: (As coisas acabaram de começar.)"
,,,"#b64bfa","#21ff05","Esse é meu novo começo."
,,,"#8ecf06","#1cc692","PLAYER: Esse é meu novo começo. Pois é."
,,,"#e627a7","#a9048c","PLAYER: E eu não posso deixar eles atrapalharem isso!"
,,,"#124154","#6da3b9","Eu sei que não posso fugir para sempre."
,,,"#9e3f54","#18286b","PLAYER: E aqui estou eu, falando sobre começar de novo."
,,,"#f13bc6","#b69227","PLAYER: Eles não entendem que eu só preciso de um pouco de espaço?"
,,,"#285434","#680d68","Algumas pessoas olham para você com desconfiança."
,,,"#e3c9ba","#66ad79","Você disse a última frase um pouco mais alto do que deveria."
,,,"#e08cf1","#3ee474","Seu rosto fica um pouco vermelho e você encolhe de vergonha."
,,,"#fe2d4a","#643231","Mas no fundo você se sente determinado."
,,,"#7829a0","#205c37","PLAYER: (suspiro)"
,,,"#399c43","#53c54c","Por dentro, você sente que já perdeu a batalha pelo seu futuro."
,"scenes/main_day1_dormitory.yarn",,,,
,,"Morning",,,
,,"Noon",,,
,,"Afternoon",,,
,,"Night",,,
,,"CaruIntro",,,
,,,"#da1f8b","#219ae2","???: Ei."
,,,"#23e124","#453e3e","???: Eii!"
,,,"#28b531","#2cc32a","???: Tá ouvindo?"
,,,"#f5b9a9","#a7ce97","???: ..."
,,,"#5be548","#65dd94","???: Acorda!"
,,,"#850375","#cd3f5f","PLAYER: Ugh..."
,,,"#d58fe3","#51164b","???: Hora de levantar, <dorminhoco>!"
,,,"#3b26df","#c90408","???: É um novo dia cheio de aventura e... Ah, pera lá, acho que você está <atrasado>!"
,,,"#baf757","#423128","Você geme e esfrega os olhos, tentando entender a situação."
,,,"#1f91d5","#51922f","Parece que seu despertador não tocou..."
,,,"#ca02fd","#c62f1b","Quem lhe acorda é seu colega de quarto, Mandacaru.\nMas todos o chamam de Caru, seu apelido."
,,,"#adf0ed","#e65cde","PLAYER: Que horas são?"
,,,"#2278c0","#a63be9","CARU: Vou te falar, você dormiu demais, PLAYER."
,,,"#d433df","#ae9640","CARU: O sol já está alto no céu, os pássaros estão zombando de você."
,,,"#ccd329","#b47e2d","CARU: E eu fui o enviado do universo para lhe repassar um memorando com sermões de pontualidade."
,,,"#74f4de","#2b2b7f","PLAYER: Pera, o que?? O que isso significa?"
,,,"#2be4d7","#142ea1","Você se apressa com a escolha de roupa, e de forma atrapalhada, tenta se vestir em tempo recorde."
,,,"#774550","#b01acb","PLAYER: Tch. <Obrigado> pelo alerta, mestre dos magos. Eu só perguntei o horário!"
,,,"#30b5af","#811f29","CARU: Estou exagerando, foi mal. São só 6h40... Seu despertador não tocou ainda."
,,,"#7959e9","#924cd2","PLAYER: Ah! Seu sacana."
,,,"#753014","#6d343f","Você estava realmente ficando <desesperado>. Caru e sua zoeira sem limites..."
,,,"#d06990","#72e66a","CARU: A vida é uma corrida e você já começou o dia correndo! Vai me agradecer mais tarde. Ha-ha!"
,,,"#acdf43","#76287f","CARU: Mas agora, falo sério. O primeiro dia não é um daqueles que você vai querer atrasar."
,,,"#1dd87f","#13fa94","CARU: Quão mais cedo você sair, melhor!"
,,,"#f2cb8c","#825ae5","CARU: Alguns dos professores da Lótus podem ser uns carrascos."
,,,"#a61151","#c115fe","PLAYER: Eu bem que estou desde o início questionando o sadismo daqueles que decidiram o horário de 7h30 pras aulas matinais..."
,,,"#2b3bb1","#8568f9","Apesar do aviso do Caru, até você encontrar todos os materiais para as aulas, já havia passado uns 20 minutos."
,,,"#8cf063","#93e668","Parte de você amaldiçoa o seu eu da noite anterior que falou que com certeza ia dar tempo de se organizar de manhã."
,,,"#d53c5c","#ec502d","Estando <pronto> para sair, você se direciona para o andar de baixo do dormitório."
,,,"#eef0c0","#94e1b5","..."
,,"LateArrival",,,
,,,"#361a6b","#94e1b5","..."
,,,"#af98ad","#699810","A regra diz que não se pode correr nos corredores..."
,,,"#ddf6ae","#b7b586","Então você aperta o passo até chegar na entrada."
,,,"#bb92f9","#81ea7b","Você consegue ver ao longe o barco que acabou de sair."
,,,"#5a3b7b","#a40ded","Você suspira e desce humildemente as escadas até o andar principal do dormitório em um gesto de aceitação."
,,,"#7f7969","#94e1b5","..."
,,,"#b9d47b","#94e1b5","..."
,,,"#78acb8","#501692","Ao chegar à recepção do dormitório, você se depara com um senhor com laranjas presas na barba."
,,,"#36b3dd","#ab4e21","LARANJEIRA: Opa. Você é estudante do turno da manhã?"
,,,"#9df643","#9049a7","PLAYER: Sou sim!"
,,,"#2ad4fa","#0d86d2","LARANJEIRA: O barco acabou de sair, mas logo logo vem outro aí."
,,,"#1832df","#f3a439","PLAYER: Nossa, ainda bem. Mas será que vai dar tempo pra mim?"
,,,"#5841e4","#8f050a","PLAYER: Tenho aula em 20 minutos..."
,,,"#8a8868","#8c02cc","PLAYER: Será que vai demorar muito?"
,,,"#42c368","#f3d217","LARANJEIRA: Haha! Não se preocupe, jovem!"
,,,"#39766b","#98eeb8","LARANJEIRA: O próximo está vindo em 5 minutinhos!"
,,,"#3f282d","#550d3d","Assim que ele fala isso, alguns outros alunos vão chegando no local, percebendo que também perderam o barco."
,,,"#80e45e","#ac6826","PLAYER: Pelo menos não sou <x> <único>."
,,,"#795881","#9791c7","PLAYER: Você me salvou aqui, Sr...?"
,,,"#fc76c4","#d2e478","LARANJEIRA: Me chamo Laranjeira, meu jovem."
,,,"#a7a29f","#08fe9d","PLAYER: Sou PLAYER."
,,,"#e18a27","#69c452","Só te resta esperar... O que você faz agora?"
,,,"#83d7e5","#69c452","Só te resta esperar... O que você faz agora?"
,,,"#1ecdd9","#726646","Conversar com o Sr. Laranjeira."
,,,"#416827","#5601b2","(VOCÊ GANHOU UMA AÇÃO BÔNUS! [spr_action])[snd_click1]"
,,,"#bae562","#b75e76","Você tem que esperar de qualquer forma, é melhor conversar com alguém pra passar o tempo."
,,,"#c20819","#d0f908","PLAYER: Sem querer parecer <intrometido>, mas é uma baita coincidência que o seu nome é o mesmo do dormitório."
,,,"#3ffdcf","#82423a","LARANJEIRA: Haha! Isso não é uma coincidência, meu jovem! Eu sou supervisor desse dormitório desde que ele foi construído."
,,,"#14c3e7","#9676f8","PLAYER: Mas isso não faz, tipo, muito tempo?"
,,,"#72266d","#731266","PLAYER: (Meu deus eu chamei ele de velho)."
,,,"#9485a0","#dc309d","LARANJEIRA: HAHA! Fazem só 25 anos!"
,,,"#d77901","#659d9e","PLAYER: Isso significa que o senhor conheceu todas as plantas mais famosas, não é?"
,,,"#58fd6b","#e6f53f","PLAYER: Até o Tony Ramos que se formou há uns anos atrás?"
,,,"#b7124f","#4c74c7","LARANJEIRA: Cada um deles! Eu tenho uma coleção de fotos com os alunos que se tornaram famosos da faculdade."
,,,"#5c3359","#cc65b2","LARANJEIRA: Eu posso te mostrar a coleção um dia se você quiser!"
,,,"#7d9936","#389b17","PLAYER: Eu adoraria!"
,,,"#5d8af0","#af0354","LARANJEIRA: Gostei do seu entusiasmo, jovem!"
,,,"#82b546","#40a02e","LARANJEIRA: Mas é bom você começar a ir, o barco está chegando."
,,,"#f42612","#693366","O Sr. Laranjeira aponta para o barco que chegava do lado de fora."
,,,"#01b874","#807729","PLAYER: Até mais, Sr. Laranjeira, vejo você por aí."
,,,"#06f5f5","#8a5a7b","Você acena pra ele enquanto sai do dormitório, indo na direção do barco."
,,,"#5b1185","#7cc585","Esperar o barco lá fora."
,,,"#00912c","#77eccf","É melhor garantir que você não vai perder o próximo barco."
,,,"#ccca5b","#837d71","Você vai para o lado de fora do prédio, se sentando em um dos bancos de espera do barco."
,,,"#65794c","#0d622e","Tem uma menina desenhando em um dos outros bancos."
,,,"#c51c4b","#bb57ff","Você tenta ver o que ela está desenhando e fica impressionado com a réplica do aqueduto que ela estava fazendo."
,,,"#3ec998","#c3c4b2","O que você resolve fazer?"
,,,"#e8332a","#c3c4b2","O que você resolve fazer?"
,,,"#32cbd1","#7e094b","Tentar falar com ela."
,,,"#370ddb","#a03db2","PLAYER: Nossa, seu desenho está lindo!"
,,,"#69998f","#a7ce97","???: ..."
,,,"#22357e","#4323ea","Ela nem mesmo reage ao seu comentário, continuando com o olhar focado no caderno."
,,,"#769faf","#ef1f7b","Parece que nem te ouviu de tão concentrada..."
,,,"#0c8428","#436f4f","Você decide apreciar o aqueduto junto a ela, mesmo que em silêncio."
,,,"#1012d5","#a7f650","Apenas admirar o desenho que ela está fazendo."
,,,"#5092f9","#5601b2","(VOCÊ GANHOU UMA AÇÃO BÔNUS! [spr_action])[snd_click1]"
,,,"#72e405","#ba92b2","Você não consegue desviar os olhos do desenho."
,,,"#df7bd3","#bb9928","Ao ponto de que a menina te direciona um olhar rápido com a sobrancelha levantada."
,,,"#2b1dd7","#31138d","Você desvia o olhar, sentindo o rosto esquentar por ter sido <pego>."
,,,"#52962f","#76057c","Logo o terceiro barco começa a se aproximar."
,,,"#c83b07","#943cc7","PLAYER: (Ainda bem que deu tudo certo...)"
,,,"#dc01da","#b7121f","Você entra no barco."
,,"Chitchat",,,
,,,"#3884a8","#1e9d95","Os últimos raios de sol do dia pintam sobre o céu uma linda paisagem, acariciando seus olhos ao chegar no dormitório."
,,,"#a7baa0","#ac40d9","O Sr. Laranjeira, ansioso por seu retorno, lhe dá as boas-vindas."
,,,"#b23003","#7613c2","LARANJEIRA: Olá, jovem. Feliz em <vê-lo> novamente."
,,,"#01720d","#c738fa","LARANJEIRA: Como foi seu primeiro dia na escola?"
,,,"#fa5339","#bc1190","PLAYER: ''Escola''... Você quer dizer faculdade, né?"
,,,"#7a85a2","#d738d8","LARANJEIRA: Isso, isso!"
,,,"#3e251c","#d738d8","LARANJEIRA: Isso, isso!"
,,,"#291831","#04935d","Foi ótimo."
,,,"#e55343","#891dfc","LARANJEIRA: Que maravilha!"
,,,"#e67b1a","#5fe73b","Poderia ter sido melhor."
,,,"#c3506d","#67bc5b","LARANJEIRA: Ah, entendo. É uma pena."
,,,"#1503ec","#18abb5","LARANJEIRA: Mas não se preocupe, ainda está no começo. Muitas experiências aguardam por você."
,,,"#bb1b35","#f87af0","Observando um pouco a frente, você percebe que Caru está jogando algum video game com um colega. Mas parece estar bastante concentrado."
,,,"#ebfe35","#e32c95","O que você quer fazer?"
,,,"#eb08d9","#e32c95","O que você quer fazer?"
,,,"#73e84d","#4b223b","Perguntar sobre o álbum de fotos."
,,,"#a1b07a","#b18535","O Sr. Laranjeira lhe apresenta uma variedade de famosos do campus, incluindo o tal do ''Tony Ramos''."
,,,"#4c935d","#64063d","Além dele, vários outros famosos como ''Dalva Oliveira'', ''Mônica Carvalho''..."
,,,"#8ab0f5","#ef1b69","A maioria você não conhece apesar, que um ou outro você lembra de ver pelos noticiários."
,,,"#2878d3","#29dd34","Até que você nota um bastante peculiar... ''João-Pé-de-Feijão''."
,,,"#40f387","#3c6ac6","PLAYER: Huh? Esse daqui me é familiar."
,,,"#9a219a","#aab013","LARANJEIRA: Ah, sim. Esse é o nosso primeiro reitor da Lótus. Existem várias lendas sobre ele."
,,,"#f27b02","#267823","LARANJEIRA: Dizem que ele alcançou o céu ao escalar um pé-de-feijão gigante, algo que nunca ninguém havia conseguido fazer."
,,,"#4d6bb5","#8745d5","PLAYER: Um pé-de-feijão gigante...?"
,,,"#951982","#711e05","LARANJEIRA: Justamente. Reza a lenda que há muito tempo atrás, a Lótus era conhecida por um pé-de-feijão que chegava aos céus."
,,,"#681bb9","#606769","LARANJEIRA: Posso lhe contar a lenda desde o início... Se você estiver com tempo."
,,,"#1419ef","#606769","LARANJEIRA: Posso lhe contar a lenda desde o início... Se você estiver com tempo."
,,,"#a6e132","#7cc852","Claro, você atiçou minha curiosidade."
,,,"#4359f5","#4a7245","LARANJEIRA: ... Era uma vez, ..."
,,,"#9e0fa4","#94e1b5","..."
,,,"#e25f70","#94e1b5","..."
,,,"#0bf19f","#5641aa","LARANJEIRA: ... um estudante notável chamado João, conhecido por sua curiosidade e amor pela agricultura."
,,,"#c3f160","#e7b316","LARANJEIRA: Ele habitava o antigo feudo de Lótus, muito antes dessa universidade existir."
,,,"#4cd139","#1cfd13","LARANJEIRA: Um dia, enquanto explorava os arredores da faculdade, ele descobriu uma semente peculiar que parecia irradiar uma aura mágica."
,,,"#2c2d08","#2d5c1f","LARANJEIRA: Intrigado, João decidiu plantar a semente em um solo especial que ele mesmo preparou."
,,,"#10eb3c","#ee846d","LARANJEIRA: Para sua surpresa, a semente germinou em um pé-de-feijão extraordinário que se erguia em direção aos céus."
,,,"#09a11d","#cc7a7b","LARANJEIRA: Este não era um pé-de-feijão comum, pois ele emanava magia e mistério."
,,,"#1a7183","#e45674","LARANJEIRA: À medida que o pé-de-feijão crescia, uma escadaria mágica se formava ao longo de seu caule, conectando o topo ao Domínio das Nuvens."
,,,"#36532b","#190001","LARANJEIRA: No entanto, pela altura, ninguém se atrevia a escalá-lo. Nem mesmo os maiores alpinistas."
,,,"#7f09cc","#650635","LARANJEIRA: Corajosamente, João decidiu subir essa escada para explorar o que estava além das nuvens."
,,,"#05eb47","#c81daf","LARANJEIRA: Ao atingir o topo, João descobriu uma terra celestial, povoada por criaturas mágicas e seres extraordinários."
,,,"#415d24","#4e9fc4","LARANJEIRA: Por ser o único habitante da terra de baixo que chegou aos céus, um sábio o abrigou e resolveu ensiná-lo vários segredos ocultos."
,,,"#7d6a16","#f33558","LARANJEIRA: Ele contou a João sobre a importância de manter essa conexão, equilibrando a magia e a realidade."
,,,"#227323","#adab38","LARANJEIRA: Graças ao que aprendeu com o mundo de cima, foi capaz de desenvolver inúmeras técnicas mágicas."
,,,"#d871c9","#71e72f","LARANJEIRA: Tanto é que hoje João é considerado o Pai da Herbologia Mágica Moderna."
,,,"#cf19ce","#ca2f74","LARANJEIRA: Ao longo dos anos, João, agora conhecido como João-Pé-de-Feijão, tornou-se o guardião da ligação entre os dois mundos."
,,,"#56f54b","#7326bb","LARANJEIRA: Ele compartilhava seu conhecimento com os jovens da região, inspirando-os a explorar os limites da magia e da botânica."
,,,"#dbcfb0","#e0b906","LARANJEIRA: Se tornou tão popular que vários príncipes e princesas dos reinos vizinhos vinham estudar com ele."
,,,"#4828ed","#875f1a","LARANJEIRA: Quando já estava mais velho, resolveu criar uma universidade, que hoje é a Lótus."
,,,"#d674dd","#94e1b5","..."
,,,"#8f67ef","#94e1b5","..."
,,,"#0e9dc2","#dd0c26","LARANJEIRA: Definitivamente, uma de nossas figuras mais notáveis."
,,,"#0598c6","#527ecf","PLAYER: Carambolas. Há quanto tempo que foi isso?"
,,,"#1b7924","#b06430","LARANJEIRA: A universidade tem mais de 500 anos."
,,,"#ec47e4","#c2aa7c","LARANJEIRA: Por isso também que não se sabe mais a veracidade da lenda, e muito menos se sabe onde foi parar o pé de feijão."
,,,"#c4c93b","#265eb7","LARANJEIRA: O fato é que essa lenda persiste."
,,,"#05f195","#d8a372","LARANJEIRA: E temos também um álbum de fotos especial mantido para homenagear aqueles que seguiram os passos de João, explorando a Herbologia Mágica."
,,,"#f043a2","#9fcc4f","PLAYER: E eu posso ver esse álbum?"
,,,"#2fbc76","#0b5f9a","LARANJEIRA: Infelizmente, esse não... Ele está guardado com muito cuidado."
,,,"#e2cf42","#f435f6","LARANJEIRA: Mas quem sabe, se você se destacar na Herbologia Mágica, talvez um dia seja <incluído> nele!"
,,,"#e4bed3","#8f8f91","PLAYER: Interessante... Vou manter isso em mente. Obrigado pela história, Sr. Laranjeira."
,,,"#2ea539","#15d503","LARANJEIRA: Sem problemas. Até logo, jovem!"
,,,"#7613b6","#5f1a77","Você sobe as escadas de volta ao seu quarto."
,,,"#6b3cec","#94e1b5","..."
,,,"#37205d","#94e1b5","..."
,,,"#79e443","#2409ad","Obrigado, mas talvez outra hora."
,,,"#a335af","#50a330","LARANJEIRA: Oh, sim. Tudo bem. Você deve estar <ocupado>. Perdão por atrapalhar."
,,,"#89a4d6","#5f1a77","Você sobe as escadas de volta ao seu quarto."
,,,"#910f6e","#94e1b5","..."
,,,"#655162","#94e1b5","..."
,,,"#e854fd","#027d07","Observar o que o Caru está fazendo."
,,,"#afe309","#ab783a","Caru está profundamente envolvido no jogo. Agora vendo de perto, você percebe que é um jogo de ritmo."
,,,"#375c0d","#82072e","Você também nota que ele não está jogando com alguém, e que na verdade a outra pessoa está apenas assistindo."
,,,"#b02672","#a26a11","O Caru está mandando muito bem, é melhor não interromper o momento."
,,,"#b76c50","#ae119b","Ao olhar para trás, você percebe que o Sr. Laranjeira não está mais ali."
,,,"#28c980","#c65f8f","Dessa forma, somente lhe resta voltar para o seu quarto."
,,,"#02cf94","#94e1b5","..."
,,,"#ff6d18","#94e1b5","..."
,,,"#37a127","#2caecb","Subir para o quarto."
,,,"#89a047","#bf9d23","PLAYER: Perdão, eu preciso ir fazer uma coisa."
,,,"#87ee1a","#4a5fba","LARANJEIRA: Oh, sim. Tudo bem. Você deve estar <ocupado>. Perdão por atrapalhar."
,,,"#e0ff13","#5f1a77","Você sobe as escadas de volta ao seu quarto."
,,,"#d2b6d1","#94e1b5","..."
,,,"#31a5e0","#94e1b5","..."
,,"GoodNight",,,
,,,"#1bae14","#4084b4","Você chega no seu quarto e olha em volta."
,,,"#5546cc","#cc9652","Apesar do começo do dia ter sido corrido, ele foi relativamente tranquilo no fim das contas."
,,,"#2960cb","#9b09ed","Você tenta começar a organizar as coisas que estão espalhadas pelo quarto."
,,,"#7d40d7","#469868","PLAYER: (O mínimo que eu posso fazer é começar amanhã um pouco mais organizado do que hoje!)"
,,,"#a1a842","#caf96e","Você está no meio do processo de organizar suas coisas quando Caru chega no quarto."
,,,"#912d08","#520820","Os olhos dele estão vermelhos e ele tem um sorrisinho nos lábios."
,,,"#354f1c","#2431c7","PLAYER: Opa, eaê!"
,,,"#18acf1","#f93f9a","CARU: Tá tentando dar um jeito nas suas coisas?"
,,,"#f6e615","#9c6427","PLAYER: A palavra chave é ''tentando''."
,,,"#e68dda","#eb9a52","PLAYER: Cada vez que eu tento organizar algo em um lugar eu encontro algo que deveria estar em outro..."
,,,"#53bf3b","#c3d269","PLAYER: É um loop interminável!"
,,,"#c09492","#a94a3b","CARU: Me admira que você tenha energia pra fazer isso depois do seu primeiro dia."
,,,"#77829f","#cee2a8","PLAYER: Pô, foi surpreendentemente tranquilo, na verdade?"
,,,"#6326b2","#a3dd25","PLAYER: Tem muita gente, tem muitos lugares e eu ainda estou um pouco <confuso> com tudo que está acontecendo."
,,,"#a16d02","#cfaf8e","PLAYER: Mas foi até legal, nada realmente estressante aconteceu..."
,,,"#23fa24","#f4a5c6","CARU: Ah, a felicidade de ser um calouro, eu sinto falta..."
,,,"#7cd0c8","#49e4a8","PLAYER: Você tá perto de formar, né?"
,,,"#9d7714","#db32b1","CARU: Sétimo semestre, a liberdade tão perto que quase sinto o gosto dela nos meus lábios."
,,,"#dab9a2","#73c80d","PLAYER: Seu curso não pode ser tão ruim assim, vai."
,,,"#2112aa","#667dc1","CARU: Estatística é tipo, o inferno na terra."
,,,"#f3cc45","#ec616d","PLAYER: Eu imagino que pra alguém como eu, talvez."
,,,"#a25e3a","#ab4e0c","PLAYER: Mas é porque me faz pensar muito em matemática na sua forma pura."
,,,"#1e3825","#7b3523","CARU: Pior que matemática pura é tipo, mais filosófica até."
,,,"#2744ec","#294bd8","CARU: Estatística é o trabalho de corno da matemática."
,,,"#8d7e7e","#553e70","CARU: E as pessoas só usam pra espalhar mentiras."
,,,"#110ffe","#b894ad","CARU: É muito complexo pra pessoas normais entenderem."
,,,"#55c6cd","#d7a1e3","CARU: Mas todas as pessoas minimamente estudadas acabam aplicando isso pro curso delas sem nem precisar estudar tanto quanto a gente na graduação."
,,,"#727137","#cf255b","PLAYER: Uou, vai lá, fala sua verdade!"
,,,"#37d313","#d14909","CARU: Eu precisava botar pra fora, porque meu deus."
,,,"#b90898","#fc6a38","PLAYER: Pelo menos as pessoas são legais?"
,,,"#b78db5","#b3da37","CARU: Podia ser pior."
,,,"#b2e702","#2ae13d","CARU: Mas não compensa o inferno que é o curso."
,,,"#848a0f","#4888dc","PLAYER: Pelo visto me dei bem então. Tô em um bom curso com pessoas legais."
,,,"#aedd53","#c70292","CARU: Parte de mim quer te avisar pra você não se empolgar."
,,,"#e29880","#6886b6","CARU: Mas eu fico feliz que você está curtindo."
,,,"#d16595","#32a245","PLAYER: Espero não acabar que nem você no sétimo semestre."
,,,"#b336ff","#5be805","CARU: Eu sou um em um milhão."
,,,"#6dac98","#1f1f3c","PLAYER: Pro bom e pro ruim."
,,,"#642ce2","#2abc25","CARU: Espero que meus lados bons compensem minhas falhas."
,,,"#0840ac","#f0b813","PLAYER: Contando o quanto você já me ajudou, seus índices de aprovação estão no topo!"
,,,"#bbc53a","#41992a","CARU: Ótimo, vou manter isso assim, viu?"
,,,"#a6f2ec","#593fad","PLAYER: Sim, senhor!"
,,,"#8b4c72","#062a1f","Caru continua a reclamar dos professores de Estatística para você."
,,,"#ff0c31","#102db7","E você compartilha um pouco sobre como o Mamba parece ser um professor peculiar."
,,,"#8641ba","#c1991b","Logo vocês começam a sentir um cansaço e se preparam para dormir."
,"scenes/main_day1_sciences.yarn",,,,
,,"Morning",,,
,,"Noon",,,
,,"Afternoon",,,
,,"Night",,,
,,"IpeIntro",,,
,,,"#402d35","#37a6ee","Você chega no prédio de aulas sem mais problemas."
,,,"#7e7c40","#c47bd0","Agora você tem um novo desafio - Encontrar a sala de aula de Ecologia."
,,,"#928025","#be6090","PLAYER: (Ainda bem que anotei, eu sou profissional em esquecer essas coisas.)"
,,,"#16deab","#7f0d38","Você sabe que se não tivesse anotado estaria em maus lençóis."
,,,"#3721d6","#d73354","Aparentemente a única forma de obter tal informação nestes tempos é pelo aplicativo da universidade."
,,,"#6b2484","#6e295f","A experiência de usuário da interface gráfica é de qualidade questionável, tornando a tarefa de encontrar qualquer informação uma verdadeira dificuldade."
,,,"#ccb896","#94e1b5","..."
,,,"#46b405","#a78223","Logo ali em frente parece ter uma pessoa ainda mais perdida que você."
,,,"#82985e","#3c9c70","Elu não parece perceber que você se aproxima."
,,,"#afa810","#8f6619","???: Hã... Qual será...?"
,,,"#aa73b1","#9f62c5","PLAYER: Precisa de ajuda?"
,,,"#b8da57","#8ad36a","???: [shake]Ah!![/]"
,,,"#57f3e7","#1d9974","PLAYER: Desculpa! Eu não queria te assustar!"
,,,"#b29cd1","#3e9eb8","???: Ah...! Eu estou bem. Não se preocupe..."
,,,"#f77359","#5a94d4","???: Só não esperava alguém falar comigo."
,,,"#50e0f2","#6579df","PLAYER: Hum? Ok. Er... Então. Por acaso você tá procurando sua sala?"
,,,"#24a91b","#2ee31c","???: Sim... Mas esse lugar é... gigante..."
,,,"#efbc84","#f0bcb8","PLAYER: Né, também estou um pouco <perdido>."
,,,"#7fa4b1","#f6e802","PLAYER: A propósito, eu me chamo PLAYER!"
,,,"#6055cd","#894855","PLAYER: E você? Qual o seu nome?"
,,,"#0c9661","#f4ce99","IPÊ: Ah... Eu me chamo Ipê. P...prazer te conhecer!"
,,,"#b1d41d","#2465a3","PLAYER: E que sala você tá procurando?"
,,,"#e2b06e","#81933b","IPÊ: Introdução à Ecologia..."
,,,"#36f1ed","#2d1940","IPÊ: Mas eu não estou conseguindo entender o aplicativo..."
,,,"#a9b920","#351920","PLAYER: Ele é péssimo mesmo."
,,,"#3d23a5","#2def56","PLAYER: Mas você deu sorte, eu também estou indo pra lá!"
,,,"#52157c","#b5ae99","PLAYER: Qual seu curso mesmo?"
,,,"#afce24","#7903fe","IPÊ: Ah, eu estou fazendo Botânica..."
,,,"#a96df2","#446014","PLAYER: Ah, bacana! Eu sou da Biologia."
,,,"#8b748c","#007ba7","Você ia propor que procurem a sala juntes, mas é <interrompide> por um senhor com uma extensa barba folheada."
,,,"#2bd3c0","#ad67e7","???: [snd_door]Vocês vão ficar aí parades ou vão entrar na sala?"
,,,"#c18e43","#0aa82c","PLAYER: Bem, a gente não sabe se essa é a nossa-"
,,,"#05229d","#8b3784","???: Vocês estão aqui para Introdução à Ecologia?"
,,,"#3c79e8","#aacbe3","PLAYER: Si-"
,,,"#3434ad","#11e214","???: Então é bom que entrem logo. Já vou começar a aula."
,,,"#880432","#c3f909","Cada vez que você é <interrompido>, Ipê parece ficar mais envergonhade."
,,,"#23500b","#8d0b4a","???: O que estão esperando? Podem entrar antes de mim."
,,,"#fcc971","#006f9b","Essa foi a deixa pra Ipê entrar na sala o mais rápido possível."
,,,"#ac25b9","#870f38","E você vai logo atrás delu, não querendo mais ser vítima do mau humor do professor."
,,,"#7f7969","#94e1b5","..."
,,,"#b9d47b","#94e1b5","..."
,,"CarnaIntro",,,
,,,"#c7bdca","#09329a","Você mal tem tempo o suficiente para sentar antes que o professor começasse a falar."
,,,"#7e4900","#bad10c","Você olha em volta, tentando identificar onde Ipê se sentou, vendo elu algumas cadeiras atrás de você."
,,,"#6b7bb3","#7628c9","Elu ainda parece nervose, você tenta direcionar um sorriso pra acalmá-le, mas elu está encarando a própria mesa."
,,,"#0c69d6","#09a54e","???: Agora que estamos todos aqui. Bom dia, estudantes."
,,,"#a4a3b5","#15f31e","???: Eu sou o professor Samambaia."
,,,"#a0c9bb","#0f9f77","???: Mas pode chamar ele de Mamba!"
,,,"#dcdedd","#b761dc","O garoto sentado do seu lado fala alto o bastante para toda a sala ouvir."
,,,"#a3ebe9","#b945c0","MAMBA: Correção: É [slant]Professor Mamba[/slant]. Mas obrigado, Cravo."
,,,"#5526bf","#1dc607","MAMBA: Eu vou ser o professor de Introdução à Ecologia de vocês."
,,,"#fd6c3c","#969c83","MAMBA: A minha matéria vai ser fundamental para vocês nos próximos semestres."
,,,"#c04c65","#149fb3","O Professor Mamba continua a explicação sobre como a matéria dele vai funcionar."
,,,"#efe66d","#d70a79","Do seu lado, Cravo estava ignorando completamente o que o professor dizia."
,,,"#98b0c3","#afd5da","E um olhar rápido pra trás, você vê Ipê anotando cada palavra que o professor falava."
,,,"#4ee9b4","#d0b376","Enquanto escreve, você consegue ouvir um murmúrio."
,,,"#b1deec","#37880c","CRAVO: ''E vocês serão atribuídos uma dupla que já foi escolhida previamente.''"
,,,"#f1c057","#19b4ac","MAMBA: E vocês serão atribuídos uma dupla que já foi escolhida previamente."
,,,"#bf6045","#b07263","CRAVO: ... ''A lista de presença'' ... ''devem ter desistências até o final''..."
,,,"#390dea","#48a9b5","MAMBA: Vou usar a lista de presença como referência, mas devem ter desistências até o final."
,,,"#e984e4","#af842d","CRAVO: ... ''levantem a mão''..."
,,,"#1446b5","#1c2777","MAMBA: Quando eu chamar seu nome e o de sua dupla, levantem a mão."
,,,"#a75f64","#b273a4","Você se inclina para sussurrar para o Cravo sem atrapalhar a aula."
,,,"#b20101","#ecf253","PLAYER: (Como que você sabia exatamente o que ele ia falar?)"
,,,"#50157e","#109cfd","CRAVO: Ele falou exatamente a mesma coisa nos últimos dois semestres."
,,,"#dd8156","#674b7b","PLAYER: E como você sabe disso?"
,,,"#19ae6d","#668a29","CRAVO: É a terceira vez que eu estou pegando essa matéria..."
,,,"#60404c","#95cfda","PLAYER: Ahh... Essa matéria é tão pesada assim?"
,,,"#e496b7","#6adae8","CRAVO: É a [slant]pior[/slant] de todas, o Mamba é um dos maiores carrascos do departamento."
,,,"#e18a21","#a35433","Você volta a olhar pro professor, tentando tirar suas próprias conclusões."
,,,"#8baee6","#a35433","Você volta a olhar pro professor, tentando tirar suas próprias conclusões."
,,,"#d2c0a0","#db60f2","Para mim ele só parece um velhinho indefeso."
,,,"#51984f","#68f293","PLAYER: Ele me parece só um pouco rabugento."
,,,"#2f2379","#7e1923","CRAVO: Bom, isso eu até entendo. Se eu fosse brega assim eu também seria infeliz."
,,,"#f756c5","#48c9b9","PLAYER: Uau, você realmente não gosta do velho."
,,,"#5563cf","#c9b904","PLAYER: Chega a ser um nível de ódio que realmente só alguém que passou por duas reprovações entenderia."
,,,"#4466f4","#a7ece1","CRAVO: Vamos ver como você vai estar no final do semestre."
,,,"#026af4","#597da0","PLAYER: Ei, dizem que a terceira vez dá sorte."
,,,"#74d80a","#b791cf","Acho que concordo com você."
,,,"#2bd5dd","#b41ed3","PLAYER: Ainda mais depois do jeito que ele falou comigo agora a pouco."
,,,"#12f630","#484886","CRAVO: Ele não tem a menor sensibilidade, mesmo que a maioria da turma seja caloura."
,,,"#da122a","#95633e","PLAYER: Aposto que é por causa de pessoas como ele que tem gente que odeia Biologia."
,,,"#419d85","#29b633","CRAVO: Err, Ecologia não é lá a matéria mais legal."
,,,"#1d9384","#07036b","PLAYER: Você tá brincando! É uma das matérias que eu mais estava <ansioso> pra ter."
,,,"#d1fdea","#c0e271","CRAVO: Entomologia é muito mais massa, espera seu próximo semestre."
,,,"#39545e","#d728eb","MAMBA: PLAYER e Ipê!"
,,,"#aaf287","#40b5ff","Você leva um susto quando a voz do Professor Mamba ecoa pela sala."
,,,"#513941","#c7ab3a","Imediatamente você levanta a mão."
,,,"#563f4f","#d59ef9","MAMBA: Vocês vão ficar com o tema de ''Animais do mundo Plantae''."
,,,"#b4f7c7","#228217","CRAVO: Você pegou o melhor tema!"
,,,"#b4fb31","#0b9a3a","CRAVO: Faz eu desejar que a gente tivesse sido uma dupla."
,,,"#5a809c","#a5b70e","Você sorri de leve pro Cravo antes de ir atrás de Ipê."
,,,"#dcf068","#6bba38","Você se direciona para perto de Ipê, se sentindo <aliviado> por pelo menos ser alguém que você já conhece minimamente."
,,,"#98ef72","#744807","Você acena na direção delu e elu acena de volta, parecendo nervose."
,,,"#84b4af","#53c34e","Professor Mamba termina de anunciar as duplas."
,,,"#38b535","#7d3353","FERN: MAMBA: Por hoje vai ser isso!"
,,,"#2a1dad","#7b7fd8","Em seguida, ele olha em direção ao relógio."
,,,"#7a43f2","#e697e7","MAMBA: Ótimo, vou conseguir chegar pro almoço do departamento!"
,,,"#d80923","#b9ec6a","PLAYER: (Todo meu desespero hoje de manhã pra menos de uma hora de aula...)"
,,,"#6add22","#0cc9db","Cravo já estava com tudo guardado, pronto pra sair."
,,,"#58ea44","#c6521f","PLAYER: Eita! Peraí, como você guardou seu material tão rápido?"
,,,"#64a43d","#3c8033","CRAVO: Material? Que material?"
,,,"#28fa7c","#987a89","PLAYER: Ha-ha! Não vai nem se encontrar com sua dupla?"
,,,"#edd42e","#5dcf1b","CRAVO: Nem... Ele aparentemente não veio hoje..."
,,,"#4ba2e5","#b7c347","CRAVO: É o segundo semestre que minha dupla não aparece..."
,,,"#5a0cbd","#192695","CRAVO: O velho tá totalmente me marcando..."
,,,"#859809","#a54690","PLAYER: Não é pra tanto, vai."
,,,"#4485fa","#3694e3","PLAYER: Você tem pelo menos alguma dica pra calouro de primeira viagem?"
,,,"#21b32f","#b06ca8","CRAVO: Não deixe acumular e reza pra sua dupla aparecer."
,,,"#0d5a58","#02893a","CRAVO: Agora, se você me der licença, eu tenho que ir reclamar dessa aula pra outra pessoa."
,,,"#54d52d","#c6249e","PLAYER: Ah, é? E quem terá o prazer de te ouvir pela terceira vez?"
,,,"#250ef9","#41c8dc","CRAVO: Minha incrível namorada."
,,,"#418ead","#66a574","CRAVO: Ela até fez a matéria semestre passado pra ver o quão ruim realmente era."
,,,"#1c2f46","#678402","PLAYER: E pra ela não estar aqui esse semestre... Ela desistiu ou passou?"
,,,"#02d535","#eed733","CRAVO: Ela passou..."
,,,"#ef8d9b","#aeec63","CRAVO: Não que ela me deixe esquecer que ela passou."
,,,"#e0389e","#9b98b3","PLAYER: Ah, poxa."
,,,"#bfe57f","#23a766","CRAVO: Até, PLAYER!"
,,,"#884246","#2ed76f","PLAYER: A gente se vê por aí."
,,,"#41b967","#68aa35","Cravo vai embora de vez e você se levanta pra ir atrás de Ipê."
,,,"#8a8657","#5da160","Apenas para encontrá-le bem do lado da sua cadeira."
,,,"#f87108","#4c04d5","IPÊ: Perdão... E-eu não queria interromper..."
,,,"#7aba10","#98c514","Relaxa! Eu só tava tentando conseguir algumas dicas."
,,,"#291e85","#fc6a39","Ele já fez essa matéria outras vezes."
,,,"#7635b6","#c119ce","IPÊ: Oh... Descobriu algo útil?"
,,,"#7f7c59","#859360","PLAYER: Nada demais, não procrastinar e tals..."
,,,"#ff6405","#d824ee","PLAYER: Ter uma dupla que ajude..."
,,,"#adaa22","#d14c2b","IPÊ: ..."
,,,"#0e14fb","#6402b5","PLAYER: Vamos fazer nosso melhor, certo?"
,,,"#37234f","#1792c1","Elu concorda com a cabeça, parecendo hesitante."
,,,"#fdef2f","#4c93e7","Vocês então andam em direção à saída da sala."
,,,"#7f7969","#94e1b5","..."
,,,"#b9d47b","#94e1b5","..."
,,"AfterClass",,,
,,,"#c8d7db","#35c44a","PLAYER: Então, como você quer fazer o trabalho?"
,,,"#5eceea","#f03722","IPÊ: Eu ia te perguntar a mesma coisa, he...he."
,,,"#5b212e","#5cbf53","Humm... Vamos revisar o que é pra fazer primeiro..."
,,,"#f3256c","#b9d0cc","Ele falou pra gente encontrar no campus pelo menos 2 espécies diferentes de animais plantae que estejam em algum tipo de relação ecológica..."
,,,"#bdd447","#2ef3e9","IPÊ: Isso, e aí analisar as interações entre esses organismos e o ambiente."
,,,"#d40fec","#c9da8b","IPÊ: Ah! E temos que fotografar também."
,,,"#be964e","#9f80fc","PLAYER: Não parece ser muito complexo, se a gente pegar pra fazer, acho que a gente mata em um dia."
,,,"#6015c0","#9ac7e1","IPÊ: Talvez a parte de encontrar as espécies sim, mas isso de identificar parece difícil..."
,,,"#d6d407","#9ac7e1","IPÊ: Talvez a parte de encontrar as espécies sim, mas isso de identificar parece difícil..."
,,,"#2c9222","#3512bc","I trust in our potential. It will be easy."
,,,"#ae30d4","#359e7a","If you keep talking like that, it won't work out."
,,,"#b29f3e","#407134","IPÊ: Se você diz..."
,,,"#bc3207","#d2631f","PLAYER: Quando você acha que a gente vai conseguir se encontrar?"
,,,"#e99911","#fcf2b4","PLAYER: Sei que Botânica em geral é um curso mais pesado que Biologia, então se você me falar como estão seus horários..."
,,,"#46bea5","#de3299","IPÊ: Agora no começo do semestre acho que as matérias ainda estarão tranquilas."
,,,"#bd6bfa","#6c6649","PLAYER: Você estaria livre amanhã logo depois do almoço?"
,,,"#a595fc","#7435d1","IPÊ: Hum... Pode ser um pouco mais tarde?"
,,,"#aea5c2","#5d7438","PLAYER: Pode. Umas 16h00, então?"
,,,"#d17583","#9a8340","IPÊ: Tá ótimo!"
,,,"#7fc058","#d9eec9","PLAYER: Show! Agora é só encontrar algum lugar no campus que a gente veja algumas espécies de animais."
,,,"#176fce","#15f128","IPÊ: Pensando aqui... Seria tão bom se a gente pudesse fazer no parque ecológico... Lá é perfeito pra isso."
,,,"#8d9869","#e72781","PLAYER: Eu não sabia que tinha um parque dentro do campus!"
,,,"#d738c7","#a4bf89","IPÊ: Ahh... Não tem não. Ele fica aqui perto, mas não é aqui dentro."
,,,"#9fd63d","#f8403c","PLAYER: Putz, o Mamba disse que tinha que ser dentro do campus..."
,,,"#b16a2c","#9cef93","IPÊ: Nesse caso, acho que a nossa melhor opção vai ser o lago."
,,,"#15d9c5","#9cef93","IPÊ: Nesse caso, acho que a nossa melhor opção vai ser o lago."
,,,"#a81535","#7027e1","Pelo menos não vamos ter que ir muito longe..."
,,,"#c4d55a","#996ad9","IPÊ: Exatamente!"
,,,"#0ee4c3","#6fd6d7","Sim... Mas eu também adoraria dar uma olhada no parque algum dia."
,,,"#7ed498","#f9990e","IPÊ: É lindo, você deveria aproveitar quando puder ir!"
,,,"#e39539","#b8489e","PLAYER: Afinal, eu andei pensando... Isso tudo deve ser a forma dele forçar a gente a conhecer o campus, né?"
,,,"#ad8031","#c06075","IPÊ: Eu não tinha pensado nisso, mas talvez seja algo assim."
,,,"#a26427","#1750cb","PLAYER: Me dei bem, você pelo visto até que conhece o campus, apesar de estar perdide mais cedo, ha ha."
,,,"#553160","#f0197c","IPÊ: Ah, tenho parentes aqui, então já visitei algumas vezes..."
,,,"#19f26c","#f4f7c4","Ipê está evitando olhar pra você."
,,,"#350a5a","#20c912","IPÊ: Eu preciso ir indo agora, minha segunda aula começa daqui a pouco!"
,,,"#6cff75","#6c1c2f","Antes que você pudesse argumentar que o Professor Mamba liberou vocês uma hora mais cedo..."
,,,"#ea0357","#5d9fb9","Ipê já estava sumindo pelo corredor..."
,,,"#b57a25","#94e1b5","..."
,,,"#def188","#3e980f","PLAYER: (Será que eu falei algo errado?)"
,"scenes/teaser.yarn",,,,
,,"Morning",,,
,,"Noon",,,
,,"Afternoon",,,
,,"Night",,,
,,"Teaser1",,,
,,,"#ac5438","#64ceb0","CARU: Bom dia, flor do dia."
,,"Teaser2",,,
,,,"#36ad74","#20afd7","CRAVO: Eu não acredito que você conseguiu nota máxima no trabalho!"
,,"Teaser3",,,
,,,"#687e65","#1c6a47","HORTÊNSIA: ...!"
,,,"#949a2d","#7823cc","HORTÊNSIA: He he...!"
,,"Teaser4",,,
,,,"#5099aa","#85e25c","ROSA: Você está dando em cima do meu namorado???"
,,,"#0b3ce3","#edc9ce","CRAVO: ???"
,,,"#1a982b","#30a437","ROSA: [wave]Haha~[/wave] Brincadeirinha."
,,,"#aa2a5e","#fdd817","CRAVO: ..."
,,"Teaser5",,,
,,,"#fda6e1","#6ea9c3","IPÊ: ... E-Eu gosto de você!"
,,,"#47a4a5","#6ea9c3","IPÊ: ... E-Eu gosto de você!"
,,,"#031090","#b7527f","Beijar."
,,,"#4909e7","#eb9454","Olha, somos apenas amigos..."
,,,"#64ef0c","#94e1b5","..."
,,,"#71ba42","#94e1b5","..."
,,,"#05e6ee","#c90271","FIM"
